Date,Mobile_Money_Volume_Billion_KES,End_of_Month_Flag
2012-01-01,9.73,0
2012-01-02,5.1,0
2012-01-03,10.79,0
2012-01-04,9.21,0
2012-01-05,11.41,0
2012-01-06,7.5,0
2012-01-07,2.71,0
2012-01-08,12.14,0
2012-01-09,6.92,0
2012-01-10,12.2,0
2012-01-11,19.96,0
2012-01-12,13.12,0
2012-01-13,18.38,0
2012-01-14,14.82,0
2012-01-15,20.87,0
2012-01-16,21.1,0
2012-01-17,19.15,0
2012-01-18,18.85,0
2012-01-19,17.8,0
2012-01-20,22.06,0
2012-01-21,14.71,0
2012-01-22,15.96,0
2012-01-23,12.31,0
2012-01-24,13.26,0
2012-01-25,12.39,0
2012-01-26,10.54,0
2012-01-27,16.51,0
2012-01-28,14.74,0
2012-01-29,3.92,0
2012-01-30,16.78,0
2012-01-31,50.45,1
2012-02-01,3.63,0
2012-02-02,0.0,0
2012-02-03,1.28,0
2012-02-04,5.28,0
2012-02-05,6.32,0
2012-02-06,2.23,0
2012-02-07,5.91,0
2012-02-08,0.0,0
2012-02-09,0.0,0
2012-02-10,0.0,0
2012-02-11,0.0,0
2012-02-12,0.0,0
2012-02-13,0.0,0
2012-02-14,0.0,0
2012-02-15,0.0,0
2012-02-16,0.0,0
2012-02-17,0.0,0
2012-02-18,0.0,0
2012-02-19,0.0,0
2012-02-20,0.0,0
2012-02-21,0.0,0
2012-02-22,0.0,0
2012-02-23,0.0,0
2012-02-24,0.0,0
2012-02-25,1.11,0
2012-02-26,0.0,0
2012-02-27,2.66,0
2012-02-28,0.49,0
2012-02-29,34.64,1
2012-03-01,4.19,0
2012-03-02,4.1,0
2012-03-03,9.65,0
2012-03-04,13.88,0
2012-03-05,15.44,0
2012-03-06,14.67,0
2012-03-07,9.33,0
2012-03-08,11.39,0
2012-03-09,9.13,0
2012-03-10,16.51,0
2012-03-11,17.68,0
2012-03-12,22.89,0
2012-03-13,20.27,0
2012-03-14,19.71,0
2012-03-15,19.2,0
2012-03-16,23.38,0
2012-03-17,15.88,0
2012-03-18,16.93,0
2012-03-19,21.82,0
2012-03-20,23.52,0
2012-03-21,8.42,0
2012-03-22,18.64,0
2012-03-23,19.16,0
2012-03-24,22.91,0
2012-03-25,20.61,0
2012-03-26,8.75,0
2012-03-27,9.25,0
2012-03-28,12.83,0
2012-03-29,9.58,0
2012-03-30,17.05,0
2012-03-31,50.87,1
2012-04-01,9.62,0
2012-04-02,11.74,0
2012-04-03,4.76,0
2012-04-04,8.93,0
2012-04-05,6.78,0
2012-04-06,0.0,0
2012-04-07,0.68,0
2012-04-08,0.0,0
2012-04-09,0.0,0
2012-04-10,0.0,0
2012-04-11,4.73,0
2012-04-12,7.92,0
2012-04-13,3.0,0
2012-04-14,0.0,0
2012-04-15,0.0,0
2012-04-16,0.0,0
2012-04-17,0.0,0
2012-04-18,0.0,0
2012-04-19,0.0,0
2012-04-20,0.0,0
2012-04-21,0.0,0
2012-04-22,1.39,0
2012-04-23,5.07,0
2012-04-24,0.0,0
2012-04-25,7.25,0
2012-04-26,0.95,0
2012-04-27,11.63,0
2012-04-28,11.43,0
2012-04-29,13.17,0
2012-04-30,52.59,1
2012-05-01,5.74,0
2012-05-02,16.25,0
2012-05-03,9.43,0
2012-05-04,15.0,0
2012-05-05,22.48,0
2012-05-06,15.42,0
2012-05-07,16.28,0
2012-05-08,18.98,0
2012-05-09,17.44,0
2012-05-10,18.68,0
2012-05-11,26.81,0
2012-05-12,26.48,0
2012-05-13,18.83,0
2012-05-14,15.57,0
2012-05-15,20.12,0
2012-05-16,31.1,0
2012-05-17,19.43,0
2012-05-18,22.75,0
2012-05-19,26.0,0
2012-05-20,20.95,0
2012-05-21,18.42,0
2012-05-22,28.12,0
2012-05-23,24.77,0
2012-05-24,19.66,0
2012-05-25,18.3,0
2012-05-26,17.57,0
2012-05-27,22.66,0
2012-05-28,11.94,0
2012-05-29,8.78,0
2012-05-30,14.68,0
2012-05-31,45.82,1
2012-06-01,16.0,0
2012-06-02,9.41,0
2012-06-03,14.32,0
2012-06-04,4.38,0
2012-06-05,9.35,0
2012-06-06,1.75,0
2012-06-07,0.08,0
2012-06-08,10.08,0
2012-06-09,0.0,0
2012-06-10,0.34,0
2012-06-11,4.72,0
2012-06-12,0.79,0
2012-06-13,1.97,0
2012-06-14,0.0,0
2012-06-15,0.0,0
2012-06-16,3.61,0
2012-06-17,0.0,0
2012-06-18,0.0,0
2012-06-19,0.0,0
2012-06-20,3.67,0
2012-06-21,0.36,0
2012-06-22,5.72,0
2012-06-23,8.84,0
2012-06-24,9.56,0
2012-06-25,3.4,0
2012-06-26,2.33,0
2012-06-27,7.8,0
2012-06-28,2.56,0
2012-06-29,3.83,0
2012-06-30,53.13,1
2012-07-01,10.17,0
2012-07-02,16.31,0
2012-07-03,13.93,0
2012-07-04,10.21,0
2012-07-05,19.89,0
2012-07-06,18.35,0
2012-07-07,24.14,0
2012-07-08,21.22,0
2012-07-09,24.46,0
2012-07-10,27.4,0
2012-07-11,28.65,0
2012-07-12,24.91,0
2012-07-13,26.87,0
2012-07-14,23.41,0
2012-07-15,29.06,0
2012-07-16,25.82,0
2012-07-17,28.74,0
2012-07-18,30.98,0
2012-07-19,23.22,0
2012-07-20,30.17,0
2012-07-21,24.42,0
2012-07-22,25.63,0
2012-07-23,25.51,0
2012-07-24,30.57,0
2012-07-25,29.41,0
2012-07-26,24.34,0
2012-07-27,18.08,0
2012-07-28,26.55,0
2012-07-29,26.0,0
2012-07-30,15.12,0
2012-07-31,48.21,1
2012-08-01,14.8,0
2012-08-02,17.02,0
2012-08-03,12.92,0
2012-08-04,12.82,0
2012-08-05,11.12,0
2012-08-06,16.2,0
2012-08-07,7.72,0
2012-08-08,1.15,0
2012-08-09,11.71,0
2012-08-10,0.0,0
2012-08-11,8.27,0
2012-08-12,8.53,0
2012-08-13,2.33,0
2012-08-14,4.13,0
2012-08-15,1.38,0
2012-08-16,8.39,0
2012-08-17,4.47,0
2012-08-18,6.65,0
2012-08-19,2.19,0
2012-08-20,3.99,0
2012-08-21,12.68,0
2012-08-22,6.17,0
2012-08-23,4.19,0
2012-08-24,13.68,0
2012-08-25,9.16,0
2012-08-26,13.28,0
2012-08-27,11.61,0
2012-08-28,12.01,0
2012-08-29,17.48,0
2012-08-30,11.03,0
2012-08-31,51.59,1
2012-09-01,11.42,0
2012-09-02,20.13,0
2012-09-03,18.39,0
2012-09-04,28.15,0
2012-09-05,19.07,0
2012-09-06,28.34,0
2012-09-07,19.69,0
2012-09-08,20.22,0
2012-09-09,29.95,0
2012-09-10,26.91,0
2012-09-11,28.48,0
2012-09-12,29.25,0
2012-09-13,31.29,0
2012-09-14,34.21,0
2012-09-15,25.85,0
2012-09-16,38.81,0
2012-09-17,28.63,0
2012-09-18,24.48,0
2012-09-19,24.29,0
2012-09-20,32.92,0
2012-09-21,26.94,0
2012-09-22,32.33,0
2012-09-23,25.49,0
2012-09-24,24.81,0
2012-09-25,20.79,0
2012-09-26,31.25,0
2012-09-27,21.26,0
2012-09-28,18.34,0
2012-09-29,19.56,0
2012-09-30,50.54,1
2012-10-01,18.31,0
2012-10-02,19.28,0
2012-10-03,13.1,0
2012-10-04,5.78,0
2012-10-05,16.61,0
2012-10-06,12.17,0
2012-10-07,12.15,0
2012-10-08,17.34,0
2012-10-09,8.57,0
2012-10-10,8.06,0
2012-10-11,10.3,0
2012-10-12,9.96,0
2012-10-13,10.7,0
2012-10-14,8.36,0
2012-10-15,0.3,0
2012-10-16,4.84,0
2012-10-17,8.76,0
2012-10-18,4.09,0
2012-10-19,13.44,0
2012-10-20,7.97,0
2012-10-21,8.77,0
2012-10-22,5.25,0
2012-10-23,8.17,0
2012-10-24,9.18,0
2012-10-25,10.38,0
2012-10-26,7.67,0
2012-10-27,17.2,0
2012-10-28,10.78,0
2012-10-29,15.69,0
2012-10-30,18.47,0
2012-10-31,51.34,1
2012-11-01,13.78,0
2012-11-02,18.37,0
2012-11-03,30.0,0
2012-11-04,27.39,0
2012-11-05,19.88,0
2012-11-06,29.73,0
2012-11-07,22.42,0
2012-11-08,23.12,0
2012-11-09,32.72,0
2012-11-10,30.94,0
2012-11-11,34.33,0
2012-11-12,36.06,0
2012-11-13,35.78,0
2012-11-14,25.72,0
2012-11-15,41.06,0
2012-11-16,35.62,0
2012-11-17,33.53,0
2012-11-18,34.84,0
2012-11-19,33.61,0
2012-11-20,27.69,0
2012-11-21,37.54,0
2012-11-22,33.17,0
2012-11-23,30.8,0
2012-11-24,28.69,0
2012-11-25,26.14,0
2012-11-26,33.54,0
2012-11-27,32.12,0
2012-11-28,28.28,0
2012-11-29,19.69,0
2012-11-30,59.01,1
2012-12-01,23.94,0
2012-12-02,19.45,0
2012-12-03,20.09,0
2012-12-04,20.85,0
2012-12-05,18.91,0
2012-12-06,16.56,0
2012-12-07,18.74,0
2012-12-08,13.16,0
2012-12-09,16.02,0
2012-12-10,13.78,0
2012-12-11,10.49,0
2012-12-12,11.77,0
2012-12-13,5.9,0
2012-12-14,8.77,0
2012-12-15,13.01,0
2012-12-16,11.4,0
2012-12-17,14.78,0
2012-12-18,8.28,0
2012-12-19,11.01,0
2012-12-20,10.78,0
2012-12-21,12.06,0
2012-12-22,12.11,0
2012-12-23,16.47,0
2012-12-24,17.27,0
2012-12-25,14.25,0
2012-12-26,14.16,0
2012-12-27,22.4,0
2012-12-28,16.18,0
2012-12-29,14.81,0
2012-12-30,14.93,0
2012-12-31,59.81,1
2013-01-01,21.31,0
2013-01-02,20.2,0
2013-01-03,21.76,0
2013-01-04,32.15,0
2013-01-05,29.21,0
2013-01-06,27.04,0
2013-01-07,29.23,0
2013-01-08,31.93,0
2013-01-09,31.32,0
2013-01-10,27.74,0
2013-01-11,19.17,0
2013-01-12,27.96,0
2013-01-13,36.13,0
2013-01-14,38.13,0
2013-01-15,38.88,0
2013-01-16,30.51,0
2013-01-17,35.49,0
2013-01-18,40.09,0
2013-01-19,29.5,0
2013-01-20,34.93,0
2013-01-21,31.82,0
2013-01-22,32.91,0
2013-01-23,31.14,0
2013-01-24,33.42,0
2013-01-25,29.13,0
2013-01-26,31.19,0
2013-01-27,26.59,0
2013-01-28,22.46,0
2013-01-29,29.06,0
2013-01-30,26.79,0
2013-01-31,53.37,1
2013-02-01,22.98,0
2013-02-02,17.55,0
2013-02-03,19.58,0
2013-02-04,17.49,0
2013-02-05,21.49,0
2013-02-06,8.28,0
2013-02-07,16.33,0
2013-02-08,17.21,0
2013-02-09,9.13,0
2013-02-10,16.29,0
2013-02-11,11.49,0
2013-02-12,11.14,0
2013-02-13,13.54,0
2013-02-14,15.96,0
2013-02-15,15.71,0
2013-02-16,24.69,0
2013-02-17,4.3,0
2013-02-18,15.47,0
2013-02-19,14.8,0
2013-02-20,14.62,0
2013-02-21,12.85,0
2013-02-22,17.72,0
2013-02-23,19.53,0
2013-02-24,18.95,0
2013-02-25,18.83,0
2013-02-26,24.27,0
2013-02-27,25.12,0
2013-02-28,52.2,1
2013-03-01,21.65,0
2013-03-02,17.99,0
2013-03-03,27.18,0
2013-03-04,30.1,0
2013-03-05,30.33,0
2013-03-06,28.83,0
2013-03-07,27.35,0
2013-03-08,35.68,0
2013-03-09,27.48,0
2013-03-10,29.82,0
2013-03-11,36.71,0
2013-03-12,41.76,0
2013-03-13,37.71,0
2013-03-14,34.63,0
2013-03-15,35.52,0
2013-03-16,34.38,0
2013-03-17,37.54,0
2013-03-18,41.94,0
2013-03-19,35.18,0
2013-03-20,28.42,0
2013-03-21,31.77,0
2013-03-22,37.67,0
2013-03-23,43.5,0
2013-03-24,35.6,0
2013-03-25,37.8,0
2013-03-26,38.33,0
2013-03-27,31.54,0
2013-03-28,36.55,0
2013-03-29,26.77,0
2013-03-30,36.92,0
2013-03-31,60.5,1
2013-04-01,33.0,0
2013-04-02,21.44,0
2013-04-03,34.78,0
2013-04-04,23.73,0
2013-04-05,15.15,0
2013-04-06,15.76,0
2013-04-07,13.36,0
2013-04-08,13.08,0
2013-04-09,14.46,0
2013-04-10,19.92,0
2013-04-11,23.52,0
2013-04-12,23.69,0
2013-04-13,17.56,0
2013-04-14,13.86,0
2013-04-15,12.26,0
2013-04-16,11.09,0
2013-04-17,14.17,0
2013-04-18,19.38,0
2013-04-19,16.08,0
2013-04-20,20.23,0
2013-04-21,14.44,0
2013-04-22,8.66,0
2013-04-23,18.73,0
2013-04-24,14.67,0
2013-04-25,32.06,0
2013-04-26,22.16,0
2013-04-27,19.45,0
2013-04-28,22.56,0
2013-04-29,27.79,0
2013-04-30,60.73,1
2013-05-01,27.54,0
2013-05-02,19.04,0
2013-05-03,32.88,0
2013-05-04,34.68,0
2013-05-05,27.83,0
2013-05-06,26.33,0
2013-05-07,42.27,0
2013-05-08,37.18,0
2013-05-09,38.43,0
2013-05-10,37.88,0
2013-05-11,37.34,0
2013-05-12,32.04,0
2013-05-13,41.74,0
2013-05-14,44.36,0
2013-05-15,36.84,0
2013-05-16,39.75,0
2013-05-17,42.96,0
2013-05-18,46.43,0
2013-05-19,35.35,0
2013-05-20,39.36,0
2013-05-21,36.91,0
2013-05-22,42.76,0
2013-05-23,45.4,0
2013-05-24,40.6,0
2013-05-25,33.06,0
2013-05-26,36.54,0
2013-05-27,29.98,0
2013-05-28,40.66,0
2013-05-29,27.89,0
2013-05-30,35.93,0
2013-05-31,65.39,1
2013-06-01,31.97,0
2013-06-02,30.6,0
2013-06-03,33.32,0
2013-06-04,25.56,0
2013-06-05,22.11,0
2013-06-06,25.36,0
2013-06-07,24.77,0
2013-06-08,18.91,0
2013-06-09,20.62,0
2013-06-10,24.04,0
2013-06-11,13.36,0
2013-06-12,17.95,0
2013-06-13,15.56,0
2013-06-14,21.41,0
2013-06-15,9.75,0
2013-06-16,25.62,0
2013-06-17,21.77,0
2013-06-18,13.55,0
2013-06-19,14.78,0
2013-06-20,17.24,0
2013-06-21,25.06,0
2013-06-22,18.39,0
2013-06-23,22.4,0
2013-06-24,20.21,0
2013-06-25,22.75,0
2013-06-26,22.94,0
2013-06-27,28.76,0
2013-06-28,35.04,0
2013-06-29,24.37,0
2013-06-30,68.37,1
2013-07-01,34.56,0
2013-07-02,32.08,0
2013-07-03,30.24,0
2013-07-04,33.31,0
2013-07-05,36.28,0
2013-07-06,38.52,0
2013-07-07,38.75,0
2013-07-08,38.13,0
2013-07-09,40.55,0
2013-07-10,39.58,0
2013-07-11,37.13,0
2013-07-12,45.54,0
2013-07-13,43.18,0
2013-07-14,47.79,0
2013-07-15,44.82,0
2013-07-16,49.89,0
2013-07-17,45.79,0
2013-07-18,50.38,0
2013-07-19,42.52,0
2013-07-20,36.49,0
2013-07-21,41.74,0
2013-07-22,45.27,0
2013-07-23,42.9,0
2013-07-24,39.57,0
2013-07-25,39.11,0
2013-07-26,46.4,0
2013-07-27,40.63,0
2013-07-28,39.89,0
2013-07-29,36.35,0
2013-07-30,37.59,0
2013-07-31,70.87,1
2013-08-01,33.09,0
2013-08-02,31.21,0
2013-08-03,25.98,0
2013-08-04,30.0,0
2013-08-05,20.76,0
2013-08-06,31.29,0
2013-08-07,21.41,0
2013-08-08,29.92,0
2013-08-09,24.69,0
2013-08-10,32.83,0
2013-08-11,19.62,0
2013-08-12,18.35,0
2013-08-13,22.78,0
2013-08-14,17.02,0
2013-08-15,17.39,0
2013-08-16,25.53,0
2013-08-17,22.8,0
2013-08-18,26.02,0
2013-08-19,24.89,0
2013-08-20,23.39,0
2013-08-21,28.87,0
2013-08-22,24.46,0
2013-08-23,22.57,0
2013-08-24,22.52,0
2013-08-25,23.81,0
2013-08-26,27.09,0
2013-08-27,19.03,0
2013-08-28,34.42,0
2013-08-29,34.64,0
2013-08-30,28.03,0
2013-08-31,66.17,1
2013-09-01,30.98,0
2013-09-02,34.65,0
2013-09-03,30.14,0
2013-09-04,38.75,0
2013-09-05,33.66,0
2013-09-06,29.69,0
2013-09-07,30.96,0
2013-09-08,39.45,0
2013-09-09,40.61,0
2013-09-10,41.81,0
2013-09-11,47.47,0
2013-09-12,46.99,0
2013-09-13,47.64,0
2013-09-14,47.72,0
2013-09-15,45.45,0
2013-09-16,44.73,0
2013-09-17,50.82,0
2013-09-18,46.69,0
2013-09-19,47.41,0
2013-09-20,45.68,0
2013-09-21,40.82,0
2013-09-22,40.76,0
2013-09-23,45.14,0
2013-09-24,38.26,0
2013-09-25,45.29,0
2013-09-26,43.23,0
2013-09-27,45.85,0
2013-09-28,40.86,0
2013-09-29,39.55,0
2013-09-30,70.75,1
2013-10-01,40.33,0
2013-10-02,23.83,0
2013-10-03,38.47,0
2013-10-04,37.23,0
2013-10-05,28.06,0
2013-10-06,34.36,0
2013-10-07,26.08,0
2013-10-08,30.13,0
2013-10-09,24.92,0
2013-10-10,27.0,0
2013-10-11,30.13,0
2013-10-12,25.03,0
2013-10-13,26.39,0
2013-10-14,21.52,0
2013-10-15,23.44,0
2013-10-16,25.67,0
2013-10-17,23.42,0
2013-10-18,27.82,0
2013-10-19,15.79,0
2013-10-20,25.93,0
2013-10-21,28.77,0
2013-10-22,32.08,0
2013-10-23,28.15,0
2013-10-24,29.69,0
2013-10-25,27.97,0
2013-10-26,26.92,0
2013-10-27,33.6,0
2013-10-28,30.24,0
2013-10-29,30.55,0
2013-10-30,34.15,0
2013-10-31,72.78,1
2013-11-01,35.6,0
2013-11-02,38.15,0
2013-11-03,36.68,0
2013-11-04,34.2,0
2013-11-05,42.29,0
2013-11-06,43.12,0
2013-11-07,40.45,0
2013-11-08,51.51,0
2013-11-09,47.27,0
2013-11-10,45.79,0
2013-11-11,56.43,0
2013-11-12,44.63,0
2013-11-13,45.86,0
2013-11-14,50.91,0
2013-11-15,48.13,0
2013-11-16,54.69,0
2013-11-17,55.31,0
2013-11-18,48.39,0
2013-11-19,49.11,0
2013-11-20,47.95,0
2013-11-21,52.71,0
2013-11-22,46.52,0
2013-11-23,46.6,0
2013-11-24,38.66,0
2013-11-25,38.03,0
2013-11-26,45.56,0
2013-11-27,44.68,0
2013-11-28,41.39,0
2013-11-29,36.58,0
2013-11-30,79.16,1
2013-12-01,36.06,0
2013-12-02,38.82,0
2013-12-03,34.15,0
2013-12-04,35.82,0
2013-12-05,36.84,0
2013-12-06,27.07,0
2013-12-07,24.89,0
2013-12-08,36.43,0
2013-12-09,33.17,0
2013-12-10,31.3,0
2013-12-11,28.66,0
2013-12-12,42.18,0
2013-12-13,27.25,0
2013-12-14,25.09,0
2013-12-15,34.53,0
2013-12-16,33.55,0
2013-12-17,23.88,0
2013-12-18,26.78,0
2013-12-19,25.07,0
2013-12-20,21.92,0
2013-12-21,25.64,0
2013-12-22,26.79,0
2013-12-23,30.13,0
2013-12-24,32.53,0
2013-12-25,37.15,0
2013-12-26,32.38,0
2013-12-27,35.68,0
2013-12-28,29.73,0
2013-12-29,38.18,0
2013-12-30,35.47,0
2013-12-31,80.14,1
2014-01-01,35.43,0
2014-01-02,43.58,0
2014-01-03,36.02,0
2014-01-04,47.68,0
2014-01-05,45.04,0
2014-01-06,45.1,0
2014-01-07,40.12,0
2014-01-08,47.61,0
2014-01-09,48.3,0
2014-01-10,51.33,0
2014-01-11,47.5,0
2014-01-12,53.21,0
2014-01-13,53.84,0
2014-01-14,48.84,0
2014-01-15,49.55,0
2014-01-16,50.09,0
2014-01-17,48.72,0
2014-01-18,47.69,0
2014-01-19,48.86,0
2014-01-20,52.51,0
2014-01-21,50.92,0
2014-01-22,41.79,0
2014-01-23,54.01,0
2014-01-24,48.1,0
2014-01-25,45.47,0
2014-01-26,50.25,0
2014-01-27,53.63,0
2014-01-28,40.0,0
2014-01-29,37.65,0
2014-01-30,41.26,0
2014-01-31,83.05,1
2014-02-01,47.22,0
2014-02-02,39.58,0
2014-02-03,30.4,0
2014-02-04,34.26,0
2014-02-05,31.65,0
2014-02-06,30.05,0
2014-02-07,41.68,0
2014-02-08,37.56,0
2014-02-09,32.96,0
2014-02-10,26.49,0
2014-02-11,25.97,0
2014-02-12,29.51,0
2014-02-13,33.38,0
2014-02-14,33.93,0
2014-02-15,29.02,0
2014-02-16,22.65,0
2014-02-17,31.18,0
2014-02-18,29.91,0
2014-02-19,27.1,0
2014-02-20,28.7,0
2014-02-21,27.3,0
2014-02-22,37.94,0
2014-02-23,37.53,0
2014-02-24,35.15,0
2014-02-25,28.78,0
2014-02-26,38.91,0
2014-02-27,43.54,0
2014-02-28,73.8,1
2014-03-01,39.66,0
2014-03-02,38.23,0
2014-03-03,42.23,0
2014-03-04,45.73,0
2014-03-05,52.53,0
2014-03-06,60.8,0
2014-03-07,56.66,0
2014-03-08,46.3,0
2014-03-09,53.1,0
2014-03-10,53.76,0
2014-03-11,51.89,0
2014-03-12,55.94,0
2014-03-13,54.64,0
2014-03-14,58.7,0
2014-03-15,58.24,0
2014-03-16,59.85,0
2014-03-17,51.75,0
2014-03-18,60.35,0
2014-03-19,58.64,0
2014-03-20,54.96,0
2014-03-21,46.8,0
2014-03-22,52.72,0
2014-03-23,56.01,0
2014-03-24,49.75,0
2014-03-25,49.96,0
2014-03-26,52.18,0
2014-03-27,47.44,0
2014-03-28,58.25,0
2014-03-29,46.99,0
2014-03-30,50.52,0
2014-03-31,91.29,1
2014-04-01,45.68,0
2014-04-02,45.21,0
2014-04-03,44.03,0
2014-04-04,44.94,0
2014-04-05,39.14,0
2014-04-06,37.27,0
2014-04-07,38.57,0
2014-04-08,36.17,0
2014-04-09,36.95,0
2014-04-10,33.45,0
2014-04-11,33.36,0
2014-04-12,29.17,0
2014-04-13,33.46,0
2014-04-14,33.68,0
2014-04-15,41.74,0
2014-04-16,21.05,0
2014-04-17,32.89,0
2014-04-18,27.86,0
2014-04-19,29.61,0
2014-04-20,35.51,0
2014-04-21,29.95,0
2014-04-22,35.98,0
2014-04-23,31.92,0
2014-04-24,38.26,0
2014-04-25,31.24,0
2014-04-26,37.02,0
2014-04-27,37.28,0
2014-04-28,35.87,0
2014-04-29,45.11,0
2014-04-30,74.8,1
2014-05-01,37.41,0
2014-05-02,38.36,0
2014-05-03,50.27,0
2014-05-04,49.74,0
2014-05-05,51.36,0
2014-05-06,56.6,0
2014-05-07,60.1,0
2014-05-08,54.31,0
2014-05-09,58.29,0
2014-05-10,55.84,0
2014-05-11,49.49,0
2014-05-12,56.53,0
2014-05-13,52.87,0
2014-05-14,56.43,0
2014-05-15,58.35,0
2014-05-16,58.65,0
2014-05-17,59.81,0
2014-05-18,60.18,0
2014-05-19,54.98,0
2014-05-20,54.6,0
2014-05-21,59.67,0
2014-05-22,55.09,0
2014-05-23,56.35,0
2014-05-24,57.2,0
2014-05-25,51.14,0
2014-05-26,51.15,0
2014-05-27,48.99,0
2014-05-28,56.99,0
2014-05-29,56.24,0
2014-05-30,55.47,0
2014-05-31,82.79,1
2014-06-01,41.05,0
2014-06-02,43.38,0
2014-06-03,45.98,0
2014-06-04,48.27,0
2014-06-05,47.05,0
2014-06-06,44.79,0
2014-06-07,43.16,0
2014-06-08,38.35,0
2014-06-09,37.73,0
2014-06-10,41.27,0
2014-06-11,38.25,0
2014-06-12,30.31,0
2014-06-13,43.07,0
2014-06-14,37.57,0
2014-06-15,34.32,0
2014-06-16,35.28,0
2014-06-17,38.46,0
2014-06-18,35.7,0
2014-06-19,34.74,0
2014-06-20,41.05,0
2014-06-21,35.38,0
2014-06-22,35.9,0
2014-06-23,41.25,0
2014-06-24,41.95,0
2014-06-25,40.07,0
2014-06-26,43.88,0
2014-06-27,43.84,0
2014-06-28,41.9,0
2014-06-29,39.78,0
2014-06-30,90.93,1
2014-07-01,45.29,0
2014-07-02,46.48,0
2014-07-03,49.97,0
2014-07-04,51.22,0
2014-07-05,47.79,0
2014-07-06,49.61,0
2014-07-07,52.53,0
2014-07-08,55.62,0
2014-07-09,60.09,0
2014-07-10,61.34,0
2014-07-11,57.27,0
2014-07-12,66.94,0
2014-07-13,65.74,0
2014-07-14,62.69,0
2014-07-15,55.67,0
2014-07-16,60.96,0
2014-07-17,57.6,0
2014-07-18,58.64,0
2014-07-19,59.52,0
2014-07-20,64.68,0
2014-07-21,64.14,0
2014-07-22,62.03,0
2014-07-23,63.14,0
2014-07-24,58.24,0
2014-07-25,56.31,0
2014-07-26,68.33,0
2014-07-27,59.52,0
2014-07-28,46.16,0
2014-07-29,58.75,0
2014-07-30,48.15,0
2014-07-31,81.54,1
2014-08-01,47.52,0
2014-08-02,48.64,0
2014-08-03,52.3,0
2014-08-04,48.19,0
2014-08-05,44.24,0
2014-08-06,49.17,0
2014-08-07,41.74,0
2014-08-08,46.11,0
2014-08-09,42.27,0
2014-08-10,42.26,0
2014-08-11,42.6,0
2014-08-12,43.29,0
2014-08-13,38.53,0
2014-08-14,38.33,0
2014-08-15,37.49,0
2014-08-16,36.86,0
2014-08-17,38.46,0
2014-08-18,47.0,0
2014-08-19,42.24,0
2014-08-20,41.39,0
2014-08-21,48.21,0
2014-08-22,50.1,0
2014-08-23,39.88,0
2014-08-24,44.25,0
2014-08-25,44.97,0
2014-08-26,47.57,0
2014-08-27,44.57,0
2014-08-28,50.49,0
2014-08-29,50.65,0
2014-08-30,50.12,0
2014-08-31,84.33,1
2014-09-01,51.75,0
2014-09-02,55.33,0
2014-09-03,53.59,0
2014-09-04,56.07,0
2014-09-05,56.48,0
2014-09-06,47.8,0
2014-09-07,59.54,0
2014-09-08,65.07,0
2014-09-09,60.12,0
2014-09-10,64.01,0
2014-09-11,66.14,0
2014-09-12,67.37,0
2014-09-13,63.04,0
2014-09-14,65.3,0
2014-09-15,64.69,0
2014-09-16,62.58,0
2014-09-17,62.89,0
2014-09-18,65.36,0
2014-09-19,64.51,0
2014-09-20,63.96,0
2014-09-21,71.58,0
2014-09-22,53.8,0
2014-09-23,64.28,0
2014-09-24,59.23,0
2014-09-25,60.02,0
2014-09-26,62.46,0
2014-09-27,64.09,0
2014-09-28,55.17,0
2014-09-29,58.52,0
2014-09-30,81.85,1
2014-10-01,54.53,0
2014-10-02,56.57,0
2014-10-03,57.05,0
2014-10-04,46.11,0
2014-10-05,50.69,0
2014-10-06,50.87,0
2014-10-07,42.21,0
2014-10-08,41.75,0
2014-10-09,44.78,0
2014-10-10,44.09,0
2014-10-11,42.64,0
2014-10-12,40.06,0
2014-10-13,36.85,0
2014-10-14,46.54,0
2014-10-15,45.95,0
2014-10-16,40.36,0
2014-10-17,42.96,0
2014-10-18,45.93,0
2014-10-19,48.87,0
2014-10-20,45.53,0
2014-10-21,44.59,0
2014-10-22,49.26,0
2014-10-23,46.68,0
2014-10-24,42.52,0
2014-10-25,47.68,0
2014-10-26,49.83,0
2014-10-27,45.92,0
2014-10-28,44.47,0
2014-10-29,57.68,0
2014-10-30,54.34,0
2014-10-31,92.99,1
2014-11-01,51.47,0
2014-11-02,55.52,0
2014-11-03,67.35,0
2014-11-04,57.9,0
2014-11-05,56.25,0
2014-11-06,59.3,0
2014-11-07,62.17,0
2014-11-08,62.64,0
2014-11-09,60.67,0
2014-11-10,62.48,0
2014-11-11,61.72,0
2014-11-12,61.14,0
2014-11-13,64.21,0
2014-11-14,60.32,0
2014-11-15,69.83,0
2014-11-16,65.92,0
2014-11-17,70.24,0
2014-11-18,71.58,0
2014-11-19,68.1,0
2014-11-20,61.26,0
2014-11-21,69.73,0
2014-11-22,71.31,0
2014-11-23,66.53,0
2014-11-24,65.79,0
2014-11-25,59.4,0
2014-11-26,60.36,0
2014-11-27,62.77,0
2014-11-28,58.88,0
2014-11-29,55.94,0
2014-11-30,96.14,1
2014-12-01,56.48,0
2014-12-02,52.47,0
2014-12-03,58.51,0
2014-12-04,54.91,0
2014-12-05,55.92,0
2014-12-06,44.97,0
2014-12-07,51.65,0
2014-12-08,46.85,0
2014-12-09,51.0,0
2014-12-10,53.73,0
2014-12-11,44.81,0
2014-12-12,48.19,0
2014-12-13,45.87,0
2014-12-14,44.15,0
2014-12-15,39.75,0
2014-12-16,43.59,0
2014-12-17,45.51,0
2014-12-18,43.56,0
2014-12-19,45.21,0
2014-12-20,42.03,0
2014-12-21,43.96,0
2014-12-22,45.34,0
2014-12-23,47.33,0
2014-12-24,48.88,0
2014-12-25,49.9,0
2014-12-26,54.86,0
2014-12-27,46.72,0
2014-12-28,56.75,0
2014-12-29,52.81,0
2014-12-30,52.43,0
2014-12-31,91.29,1
2015-01-01,57.67,0
2015-01-02,59.5,0
2015-01-03,58.75,0
2015-01-04,58.14,0
2015-01-05,58.64,0
2015-01-06,65.88,0
2015-01-07,66.49,0
2015-01-08,62.34,0
2015-01-09,65.94,0
2015-01-10,70.39,0
2015-01-11,69.96,0
2015-01-12,73.27,0
2015-01-13,70.34,0
2015-01-14,67.79,0
2015-01-15,75.54,0
2015-01-16,73.23,0
2015-01-17,77.76,0
2015-01-18,71.59,0
2015-01-19,69.84,0
2015-01-20,65.46,0
2015-01-21,65.56,0
2015-01-22,67.61,0
2015-01-23,71.83,0
2015-01-24,68.86,0
2015-01-25,65.12,0
2015-01-26,65.52,0
2015-01-27,64.19,0
2015-01-28,62.61,0
2015-01-29,67.69,0
2015-01-30,57.37,0
2015-01-31,94.55,1
2015-02-01,66.02,0
2015-02-02,54.94,0
2015-02-03,54.68,0
2015-02-04,51.69,0
2015-02-05,52.8,0
2015-02-06,53.89,0
2015-02-07,47.04,0
2015-02-08,57.51,0
2015-02-09,39.93,0
2015-02-10,45.58,0
2015-02-11,55.09,0
2015-02-12,48.65,0
2015-02-13,43.21,0
2015-02-14,45.58,0
2015-02-15,47.88,0
2015-02-16,54.33,0
2015-02-17,44.8,0
2015-02-18,55.04,0
2015-02-19,48.07,0
2015-02-20,52.04,0
2015-02-21,39.99,0
2015-02-22,48.71,0
2015-02-23,44.88,0
2015-02-24,51.66,0
2015-02-25,56.43,0
2015-02-26,54.47,0
2015-02-27,57.73,0
2015-02-28,91.23,1
2015-03-01,51.7,0
2015-03-02,62.89,0
2015-03-03,61.8,0
2015-03-04,61.19,0
2015-03-05,60.16,0
2015-03-06,68.04,0
2015-03-07,55.52,0
2015-03-08,63.43,0
2015-03-09,66.73,0
2015-03-10,73.43,0
2015-03-11,68.98,0
2015-03-12,67.97,0
2015-03-13,78.82,0
2015-03-14,74.47,0
2015-03-15,76.76,0
2015-03-16,77.63,0
2015-03-17,80.09,0
2015-03-18,78.59,0
2015-03-19,72.0,0
2015-03-20,69.14,0
2015-03-21,75.25,0
2015-03-22,72.13,0
2015-03-23,76.38,0
2015-03-24,74.78,0
2015-03-25,69.38,0
2015-03-26,78.75,0
2015-03-27,68.09,0
2015-03-28,63.46,0
2015-03-29,72.89,0
2015-03-30,65.6,0
2015-03-31,101.86,1
2015-04-01,60.13,0
2015-04-02,55.29,0
2015-04-03,61.62,0
2015-04-04,54.75,0
2015-04-05,64.06,0
2015-04-06,56.42,0
2015-04-07,53.44,0
2015-04-08,53.18,0
2015-04-09,58.32,0
2015-04-10,55.82,0
2015-04-11,53.79,0
2015-04-12,58.05,0
2015-04-13,49.98,0
2015-04-14,59.24,0
2015-04-15,51.65,0
2015-04-16,50.67,0
2015-04-17,49.3,0
2015-04-18,58.19,0
2015-04-19,56.63,0
2015-04-20,54.04,0
2015-04-21,52.07,0
2015-04-22,47.72,0
2015-04-23,44.47,0
2015-04-24,49.1,0
2015-04-25,49.97,0
2015-04-26,53.27,0
2015-04-27,55.59,0
2015-04-28,57.24,0
2015-04-29,55.75,0
2015-04-30,98.17,1
2015-05-01,60.14,0
2015-05-02,56.09,0
2015-05-03,57.54,0
2015-05-04,66.97,0
2015-05-05,68.78,0
2015-05-06,67.07,0
2015-05-07,72.82,0
2015-05-08,70.86,0
2015-05-09,72.68,0
2015-05-10,69.04,0
2015-05-11,81.86,0
2015-05-12,69.1,0
2015-05-13,65.48,0
2015-05-14,78.54,0
2015-05-15,74.22,0
2015-05-16,77.62,0
2015-05-17,76.28,0
2015-05-18,77.15,0
2015-05-19,80.18,0
2015-05-20,76.44,0
2015-05-21,72.87,0
2015-05-22,78.22,0
2015-05-23,71.96,0
2015-05-24,72.34,0
2015-05-25,70.51,0
2015-05-26,72.01,0
2015-05-27,68.09,0
2015-05-28,65.68,0
2015-05-29,68.63,0
2015-05-30,74.35,0
2015-05-31,105.23,1
2015-06-01,66.9,0
2015-06-02,63.94,0
2015-06-03,62.88,0
2015-06-04,65.76,0
2015-06-05,65.87,0
2015-06-06,58.9,0
2015-06-07,68.68,0
2015-06-08,60.35,0
2015-06-09,59.32,0
2015-06-10,61.84,0
2015-06-11,52.38,0
2015-06-12,54.64,0
2015-06-13,49.62,0
2015-06-14,58.95,0
2015-06-15,50.79,0
2015-06-16,53.57,0
2015-06-17,54.16,0
2015-06-18,55.16,0
2015-06-19,53.8,0
2015-06-20,56.04,0
2015-06-21,56.25,0
2015-06-22,62.76,0
2015-06-23,56.37,0
2015-06-24,57.81,0
2015-06-25,60.78,0
2015-06-26,53.9,0
2015-06-27,65.88,0
2015-06-28,63.04,0
2015-06-29,63.44,0
2015-06-30,97.81,1
2015-07-01,71.2,0
2015-07-02,68.89,0
2015-07-03,65.0,0
2015-07-04,62.95,0
2015-07-05,75.02,0
2015-07-06,66.11,0
2015-07-07,68.04,0
2015-07-08,70.94,0
2015-07-09,72.35,0
2015-07-10,70.75,0
2015-07-11,67.68,0
2015-07-12,75.11,0
2015-07-13,74.95,0
2015-07-14,81.98,0
2015-07-15,81.55,0
2015-07-16,80.05,0
2015-07-17,80.44,0
2015-07-18,75.87,0
2015-07-19,72.3,0
2015-07-20,83.25,0
2015-07-21,82.14,0
2015-07-22,75.79,0
2015-07-23,76.23,0
2015-07-24,76.35,0
2015-07-25,75.92,0
2015-07-26,77.32,0
2015-07-27,73.16,0
2015-07-28,75.1,0
2015-07-29,80.86,0
2015-07-30,71.74,0
2015-07-31,104.76,1
2015-08-01,68.54,0
2015-08-02,66.73,0
2015-08-03,75.89,0
2015-08-04,54.36,0
2015-08-05,68.21,0
2015-08-06,64.04,0
2015-08-07,59.1,0
2015-08-08,58.05,0
2015-08-09,59.08,0
2015-08-10,57.96,0
2015-08-11,56.3,0
2015-08-12,59.32,0
2015-08-13,54.96,0
2015-08-14,61.44,0
2015-08-15,59.0,0
2015-08-16,55.22,0
2015-08-17,58.37,0
2015-08-18,61.2,0
2015-08-19,55.36,0
2015-08-20,52.63,0
2015-08-21,56.57,0
2015-08-22,59.91,0
2015-08-23,62.28,0
2015-08-24,56.89,0
2015-08-25,58.46,0
2015-08-26,63.41,0
2015-08-27,64.63,0
2015-08-28,57.42,0
2015-08-29,59.93,0
2015-08-30,72.61,0
2015-08-31,103.81,1
2015-09-01,64.0,0
2015-09-02,65.28,0
2015-09-03,73.37,0
2015-09-04,76.89,0
2015-09-05,71.36,0
2015-09-06,71.64,0
2015-09-07,69.4,0
2015-09-08,64.95,0
2015-09-09,80.67,0
2015-09-10,80.6,0
2015-09-11,79.0,0
2015-09-12,76.25,0
2015-09-13,77.34,0
2015-09-14,88.58,0
2015-09-15,87.09,0
2015-09-16,85.59,0
2015-09-17,85.82,0
2015-09-18,79.98,0
2015-09-19,79.41,0
2015-09-20,78.45,0
2015-09-21,78.32,0
2015-09-22,78.26,0
2015-09-23,92.46,0
2015-09-24,76.88,0
2015-09-25,72.61,0
2015-09-26,73.93,0
2015-09-27,77.02,0
2015-09-28,75.61,0
2015-09-29,75.26,0
2015-09-30,111.0,1
2015-10-01,66.24,0
2015-10-02,73.91,0
2015-10-03,72.44,0
2015-10-04,77.8,0
2015-10-05,67.09,0
2015-10-06,64.19,0
2015-10-07,68.58,0
2015-10-08,62.09,0
2015-10-09,66.07,0
2015-10-10,60.76,0
2015-10-11,59.93,0
2015-10-12,56.3,0
2015-10-13,66.13,0
2015-10-14,62.71,0
2015-10-15,58.07,0
2015-10-16,58.54,0
2015-10-17,57.74,0
2015-10-18,55.96,0
2015-10-19,55.06,0
2015-10-20,64.37,0
2015-10-21,61.49,0
2015-10-22,61.03,0
2015-10-23,65.99,0
2015-10-24,64.73,0
2015-10-25,64.96,0
2015-10-26,62.56,0
2015-10-27,62.81,0
2015-10-28,70.76,0
2015-10-29,60.67,0
2015-10-30,65.85,0
2015-10-31,107.29,1
2015-11-01,76.1,0
2015-11-02,73.87,0
2015-11-03,71.63,0
2015-11-04,73.77,0
2015-11-05,78.27,0
2015-11-06,73.13,0
2015-11-07,82.41,0
2015-11-08,90.07,0
2015-11-09,82.08,0
2015-11-10,79.7,0
2015-11-11,79.1,0
2015-11-12,80.42,0
2015-11-13,89.95,0
2015-11-14,84.41,0
2015-11-15,83.84,0
2015-11-16,82.57,0
2015-11-17,87.12,0
2015-11-18,81.07,0
2015-11-19,82.07,0
2015-11-20,85.82,0
2015-11-21,86.75,0
2015-11-22,75.51,0
2015-11-23,83.16,0
2015-11-24,84.72,0
2015-11-25,80.1,0
2015-11-26,72.69,0
2015-11-27,82.65,0
2015-11-28,80.01,0
2015-11-29,73.88,0
2015-11-30,110.32,1
2015-12-01,78.16,0
2015-12-02,72.18,0
2015-12-03,68.46,0
2015-12-04,73.65,0
2015-12-05,71.0,0
2015-12-06,69.9,0
2015-12-07,69.82,0
2015-12-08,60.49,0
2015-12-09,68.02,0
2015-12-10,59.06,0
2015-12-11,69.52,0
2015-12-12,67.13,0
2015-12-13,67.6,0
2015-12-14,57.65,0
2015-12-15,68.38,0
2015-12-16,60.33,0
2015-12-17,61.85,0
2015-12-18,60.27,0
2015-12-19,59.83,0
2015-12-20,65.22,0
2015-12-21,66.36,0
2015-12-22,60.89,0
2015-12-23,63.37,0
2015-12-24,71.43,0
2015-12-25,68.07,0
2015-12-26,67.07,0
2015-12-27,58.45,0
2015-12-28,70.13,0
2015-12-29,70.86,0
2015-12-30,70.84,0
2015-12-31,112.11,1
2016-01-01,78.01,0
2016-01-02,81.67,0
2016-01-03,72.26,0
2016-01-04,77.46,0
2016-01-05,77.98,0
2016-01-06,80.44,0
2016-01-07,80.36,0
2016-01-08,86.07,0
2016-01-09,83.57,0
2016-01-10,82.34,0
2016-01-11,79.23,0
2016-01-12,85.03,0
2016-01-13,87.32,0
2016-01-14,91.16,0
2016-01-15,86.91,0
2016-01-16,86.06,0
2016-01-17,93.0,0
2016-01-18,94.69,0
2016-01-19,84.73,0
2016-01-20,90.05,0
2016-01-21,83.83,0
2016-01-22,84.95,0
2016-01-23,88.51,0
2016-01-24,82.04,0
2016-01-25,89.73,0
2016-01-26,89.36,0
2016-01-27,84.98,0
2016-01-28,80.6,0
2016-01-29,76.74,0
2016-01-30,78.23,0
2016-01-31,114.89,1
2016-02-01,76.9,0
2016-02-02,83.11,0
2016-02-03,69.14,0
2016-02-04,74.16,0
2016-02-05,70.23,0
2016-02-06,63.54,0
2016-02-07,75.68,0
2016-02-08,65.51,0
2016-02-09,67.26,0
2016-02-10,70.86,0
2016-02-11,69.25,0
2016-02-12,67.03,0
2016-02-13,68.12,0
2016-02-14,63.04,0
2016-02-15,57.1,0
2016-02-16,59.7,0
2016-02-17,58.92,0
2016-02-18,63.75,0
2016-02-19,62.03,0
2016-02-20,70.64,0
2016-02-21,66.62,0
2016-02-22,64.76,0
2016-02-23,66.83,0
2016-02-24,68.63,0
2016-02-25,73.71,0
2016-02-26,71.25,0
2016-02-27,73.47,0
2016-02-28,72.61,0
2016-02-29,110.91,1
2016-03-01,73.64,0
2016-03-02,76.92,0
2016-03-03,78.55,0
2016-03-04,78.37,0
2016-03-05,79.94,0
2016-03-06,81.35,0
2016-03-07,77.27,0
2016-03-08,88.59,0
2016-03-09,82.51,0
2016-03-10,89.16,0
2016-03-11,88.86,0
2016-03-12,85.51,0
2016-03-13,91.26,0
2016-03-14,97.88,0
2016-03-15,90.66,0
2016-03-16,93.17,0
2016-03-17,89.98,0
2016-03-18,85.27,0
2016-03-19,87.03,0
2016-03-20,94.86,0
2016-03-21,92.9,0
2016-03-22,87.14,0
2016-03-23,92.15,0
2016-03-24,88.55,0
2016-03-25,84.43,0
2016-03-26,86.07,0
2016-03-27,89.29,0
2016-03-28,86.79,0
2016-03-29,84.11,0
2016-03-30,83.38,0
2016-03-31,117.74,1
2016-04-01,75.7,0
2016-04-02,78.11,0
2016-04-03,86.22,0
2016-04-04,77.76,0
2016-04-05,78.71,0
2016-04-06,75.4,0
2016-04-07,77.78,0
2016-04-08,74.45,0
2016-04-09,77.32,0
2016-04-10,77.5,0
2016-04-11,70.77,0
2016-04-12,72.0,0
2016-04-13,67.0,0
2016-04-14,71.37,0
2016-04-15,67.19,0
2016-04-16,67.2,0
2016-04-17,73.86,0
2016-04-18,71.15,0
2016-04-19,66.15,0
2016-04-20,75.31,0
2016-04-21,64.44,0
2016-04-22,68.27,0
2016-04-23,71.91,0
2016-04-24,68.27,0
2016-04-25,70.43,0
2016-04-26,70.38,0
2016-04-27,79.06,0
2016-04-28,74.05,0
2016-04-29,75.45,0
2016-04-30,116.38,1
2016-05-01,79.31,0
2016-05-02,80.92,0
2016-05-03,84.68,0
2016-05-04,81.39,0
2016-05-05,88.48,0
2016-05-06,78.87,0
2016-05-07,78.35,0
2016-05-08,83.34,0
2016-05-09,82.58,0
2016-05-10,84.25,0
2016-05-11,93.1,0
2016-05-12,86.22,0
2016-05-13,85.25,0
2016-05-14,89.33,0
2016-05-15,92.11,0
2016-05-16,93.57,0
2016-05-17,93.53,0
2016-05-18,93.71,0
2016-05-19,88.64,0
2016-05-20,95.55,0
2016-05-21,91.02,0
2016-05-22,90.06,0
2016-05-23,103.11,0
2016-05-24,94.72,0
2016-05-25,89.79,0
2016-05-26,88.25,0
2016-05-27,90.69,0
2016-05-28,83.6,0
2016-05-29,91.23,0
2016-05-30,86.59,0
2016-05-31,126.84,1
2016-06-01,86.85,0
2016-06-02,86.93,0
2016-06-03,83.2,0
2016-06-04,81.12,0
2016-06-05,79.48,0
2016-06-06,76.28,0
2016-06-07,77.08,0
2016-06-08,74.41,0
2016-06-09,77.08,0
2016-06-10,79.23,0
2016-06-11,75.92,0
2016-06-12,81.08,0
2016-06-13,72.28,0
2016-06-14,70.3,0
2016-06-15,67.47,0
2016-06-16,70.64,0
2016-06-17,72.99,0
2016-06-18,65.99,0
2016-06-19,70.0,0
2016-06-20,72.45,0
2016-06-21,78.83,0
2016-06-22,66.44,0
2016-06-23,67.73,0
2016-06-24,76.74,0
2016-06-25,63.6,0
2016-06-26,78.31,0
2016-06-27,73.28,0
2016-06-28,81.95,0
2016-06-29,73.62,0
2016-06-30,115.47,1
2016-07-01,81.38,0
2016-07-02,69.28,0
2016-07-03,87.26,0
2016-07-04,82.09,0
2016-07-05,85.21,0
2016-07-06,86.32,0
2016-07-07,90.83,0
2016-07-08,93.65,0
2016-07-09,88.24,0
2016-07-10,85.44,0
2016-07-11,90.75,0
2016-07-12,91.14,0
2016-07-13,92.06,0
2016-07-14,93.78,0
2016-07-15,94.26,0
2016-07-16,100.02,0
2016-07-17,97.54,0
2016-07-18,95.27,0
2016-07-19,92.89,0
2016-07-20,90.61,0
2016-07-21,96.79,0
2016-07-22,95.63,0
2016-07-23,95.67,0
2016-07-24,99.39,0
2016-07-25,91.37,0
2016-07-26,99.05,0
2016-07-27,87.11,0
2016-07-28,93.84,0
2016-07-29,88.04,0
2016-07-30,92.87,0
2016-07-31,124.05,1
2016-08-01,89.03,0
2016-08-02,83.82,0
2016-08-03,79.46,0
2016-08-04,81.41,0
2016-08-05,79.25,0
2016-08-06,83.23,0
2016-08-07,80.11,0
2016-08-08,72.33,0
2016-08-09,82.75,0
2016-08-10,75.93,0
2016-08-11,77.29,0
2016-08-12,77.44,0
2016-08-13,68.75,0
2016-08-14,75.62,0
2016-08-15,78.64,0
2016-08-16,74.29,0
2016-08-17,75.12,0
2016-08-18,67.55,0
2016-08-19,80.81,0
2016-08-20,82.28,0
2016-08-21,82.98,0
2016-08-22,75.28,0
2016-08-23,72.83,0
2016-08-24,73.78,0
2016-08-25,81.52,0
2016-08-26,79.65,0
2016-08-27,81.26,0
2016-08-28,90.3,0
2016-08-29,88.21,0
2016-08-30,85.57,0
2016-08-31,128.92,1
2016-09-01,82.57,0
2016-09-02,78.81,0
2016-09-03,88.72,0
2016-09-04,91.23,0
2016-09-05,92.49,0
2016-09-06,89.92,0
2016-09-07,97.67,0
2016-09-08,92.19,0
2016-09-09,96.32,0
2016-09-10,97.74,0
2016-09-11,95.26,0
2016-09-12,102.36,0
2016-09-13,97.45,0
2016-09-14,98.52,0
2016-09-15,100.7,0
2016-09-16,99.03,0
2016-09-17,102.72,0
2016-09-18,103.61,0
2016-09-19,102.02,0
2016-09-20,103.28,0
2016-09-21,98.74,0
2016-09-22,96.48,0
2016-09-23,94.96,0
2016-09-24,101.09,0
2016-09-25,89.08,0
2016-09-26,88.32,0
2016-09-27,96.29,0
2016-09-28,95.02,0
2016-09-29,88.62,0
2016-09-30,118.5,1
2016-10-01,91.91,0
2016-10-02,91.17,0
2016-10-03,87.26,0
2016-10-04,91.7,0
2016-10-05,86.42,0
2016-10-06,80.31,0
2016-10-07,82.64,0
2016-10-08,73.19,0
2016-10-09,77.84,0
2016-10-10,84.58,0
2016-10-11,76.37,0
2016-10-12,76.16,0
2016-10-13,78.36,0
2016-10-14,74.73,0
2016-10-15,72.53,0
2016-10-16,68.94,0
2016-10-17,76.87,0
2016-10-18,74.66,0
2016-10-19,75.54,0
2016-10-20,76.03,0
2016-10-21,76.1,0
2016-10-22,77.04,0
2016-10-23,80.63,0
2016-10-24,75.33,0
2016-10-25,86.2,0
2016-10-26,80.73,0
2016-10-27,75.56,0
2016-10-28,84.19,0
2016-10-29,83.32,0
2016-10-30,91.77,0
2016-10-31,126.02,1
2016-11-01,91.93,0
2016-11-02,91.23,0
2016-11-03,93.51,0
2016-11-04,94.08,0
2016-11-05,97.91,0
2016-11-06,97.58,0
2016-11-07,97.2,0
2016-11-08,98.62,0
2016-11-09,98.4,0
2016-11-10,96.18,0
2016-11-11,100.35,0
2016-11-12,97.84,0
2016-11-13,106.76,0
2016-11-14,105.34,0
2016-11-15,101.05,0
2016-11-16,101.58,0
2016-11-17,101.96,0
2016-11-18,100.51,0
2016-11-19,101.05,0
2016-11-20,103.51,0
2016-11-21,99.2,0
2016-11-22,100.22,0
2016-11-23,97.29,0
2016-11-24,99.51,0
2016-11-25,99.86,0
2016-11-26,98.22,0
2016-11-27,98.62,0
2016-11-28,95.68,0
2016-11-29,93.39,0
2016-11-30,133.83,1
2016-12-01,92.29,0
2016-12-02,97.51,0
2016-12-03,89.73,0
2016-12-04,90.23,0
2016-12-05,87.31,0
2016-12-06,85.92,0
2016-12-07,75.55,0
2016-12-08,90.8,0
2016-12-09,86.99,0
2016-12-10,79.33,0
2016-12-11,78.03,0
2016-12-12,77.18,0
2016-12-13,82.23,0
2016-12-14,86.01,0
2016-12-15,77.78,0
2016-12-16,80.23,0
2016-12-17,76.67,0
2016-12-18,78.6,0
2016-12-19,81.11,0
2016-12-20,85.26,0
2016-12-21,80.86,0
2016-12-22,79.15,0
2016-12-23,78.12,0
2016-12-24,80.71,0
2016-12-25,90.7,0
2016-12-26,81.64,0
2016-12-27,83.5,0
2016-12-28,85.62,0
2016-12-29,81.56,0
2016-12-30,91.72,0
2016-12-31,129.5,1
2017-01-01,95.99,0
2017-01-02,93.53,0
2017-01-03,102.02,0
2017-01-04,94.51,0
2017-01-05,100.76,0
2017-01-06,94.09,0
2017-01-07,95.1,0
2017-01-08,99.83,0
2017-01-09,104.52,0
2017-01-10,98.63,0
2017-01-11,102.66,0
2017-01-12,104.4,0
2017-01-13,100.07,0
2017-01-14,103.19,0
2017-01-15,97.76,0
2017-01-16,106.78,0
2017-01-17,110.96,0
2017-01-18,101.22,0
2017-01-19,98.3,0
2017-01-20,110.88,0
2017-01-21,105.17,0
2017-01-22,107.62,0
2017-01-23,101.16,0
2017-01-24,100.32,0
2017-01-25,96.77,0
2017-01-26,93.28,0
2017-01-27,97.56,0
2017-01-28,100.5,0
2017-01-29,102.6,0
2017-01-30,97.65,0
2017-01-31,130.7,1
2017-02-01,95.06,0
2017-02-02,92.38,0
2017-02-03,94.42,0
2017-02-04,95.9,0
2017-02-05,93.06,0
2017-02-06,79.51,0
2017-02-07,91.51,0
2017-02-08,82.35,0
2017-02-09,85.78,0
2017-02-10,83.89,0
2017-02-11,86.93,0
2017-02-12,82.43,0
2017-02-13,81.07,0
2017-02-14,78.5,0
2017-02-15,84.41,0
2017-02-16,80.86,0
2017-02-17,77.57,0
2017-02-18,83.65,0
2017-02-19,82.65,0
2017-02-20,82.36,0
2017-02-21,84.8,0
2017-02-22,85.04,0
2017-02-23,89.24,0
2017-02-24,82.54,0
2017-02-25,89.58,0
2017-02-26,97.36,0
2017-02-27,84.67,0
2017-02-28,128.19,1
2017-03-01,98.44,0
2017-03-02,92.84,0
2017-03-03,98.98,0
2017-03-04,97.73,0
2017-03-05,96.55,0
2017-03-06,91.36,0
2017-03-07,98.55,0
2017-03-08,104.34,0
2017-03-09,102.05,0
2017-03-10,107.51,0
2017-03-11,107.46,0
2017-03-12,103.21,0
2017-03-13,97.85,0
2017-03-14,111.37,0
2017-03-15,101.13,0
2017-03-16,110.21,0
2017-03-17,103.1,0
2017-03-18,105.57,0
2017-03-19,104.55,0
2017-03-20,105.13,0
2017-03-21,111.99,0
2017-03-22,106.44,0
2017-03-23,107.9,0
2017-03-24,99.4,0
2017-03-25,109.55,0
2017-03-26,99.16,0
2017-03-27,104.56,0
2017-03-28,104.46,0
2017-03-29,102.46,0
2017-03-30,98.15,0
2017-03-31,134.71,1
2017-04-01,99.45,0
2017-04-02,98.31,0
2017-04-03,98.14,0
2017-04-04,99.55,0
2017-04-05,90.53,0
2017-04-06,92.14,0
2017-04-07,91.26,0
2017-04-08,87.58,0
2017-04-09,94.08,0
2017-04-10,91.09,0
2017-04-11,88.2,0
2017-04-12,87.94,0
2017-04-13,89.78,0
2017-04-14,84.57,0
2017-04-15,88.14,0
2017-04-16,92.86,0
2017-04-17,85.64,0
2017-04-18,86.87,0
2017-04-19,84.44,0
2017-04-20,85.26,0
2017-04-21,83.3,0
2017-04-22,83.95,0
2017-04-23,80.74,0
2017-04-24,83.05,0
2017-04-25,84.39,0
2017-04-26,88.8,0
2017-04-27,99.97,0
2017-04-28,92.82,0
2017-04-29,95.26,0
2017-04-30,132.4,1
2017-05-01,102.43,0
2017-05-02,102.82,0
2017-05-03,92.7,0
2017-05-04,99.02,0
2017-05-05,105.24,0
2017-05-06,105.16,0
2017-05-07,104.18,0
2017-05-08,103.53,0
2017-05-09,101.49,0
2017-05-10,112.39,0
2017-05-11,102.76,0
2017-05-12,110.16,0
2017-05-13,109.61,0
2017-05-14,110.62,0
2017-05-15,111.16,0
2017-05-16,105.86,0
2017-05-17,108.29,0
2017-05-18,107.88,0
2017-05-19,114.68,0
2017-05-20,108.39,0
2017-05-21,106.66,0
2017-05-22,105.4,0
2017-05-23,109.39,0
2017-05-24,107.44,0
2017-05-25,105.58,0
2017-05-26,109.04,0
2017-05-27,108.24,0
2017-05-28,101.52,0
2017-05-29,101.73,0
2017-05-30,105.07,0
2017-05-31,140.61,1
2017-06-01,96.56,0
2017-06-02,102.8,0
2017-06-03,102.78,0
2017-06-04,88.67,0
2017-06-05,100.22,0
2017-06-06,92.87,0
2017-06-07,95.62,0
2017-06-08,94.22,0
2017-06-09,94.18,0
2017-06-10,91.02,0
2017-06-11,91.93,0
2017-06-12,93.17,0
2017-06-13,90.94,0
2017-06-14,90.53,0
2017-06-15,86.67,0
2017-06-16,92.96,0
2017-06-17,92.19,0
2017-06-18,90.57,0
2017-06-19,88.69,0
2017-06-20,85.42,0
2017-06-21,91.85,0
2017-06-22,88.86,0
2017-06-23,93.61,0
2017-06-24,87.53,0
2017-06-25,90.7,0
2017-06-26,96.35,0
2017-06-27,92.65,0
2017-06-28,104.84,0
2017-06-29,84.65,0
2017-06-30,136.07,1
2017-07-01,104.15,0
2017-07-02,101.18,0
2017-07-03,104.61,0
2017-07-04,103.57,0
2017-07-05,102.21,0
2017-07-06,103.98,0
2017-07-07,103.69,0
2017-07-08,105.74,0
2017-07-09,107.34,0
2017-07-10,104.36,0
2017-07-11,106.96,0
2017-07-12,120.0,0
2017-07-13,113.02,0
2017-07-14,110.66,0
2017-07-15,113.5,0
2017-07-16,115.2,0
2017-07-17,115.15,0
2017-07-18,114.49,0
2017-07-19,110.71,0
2017-07-20,114.46,0
2017-07-21,107.74,0
2017-07-22,109.51,0
2017-07-23,106.94,0
2017-07-24,112.8,0
2017-07-25,106.97,0
2017-07-26,108.45,0
2017-07-27,117.46,0
2017-07-28,103.86,0
2017-07-29,107.14,0
2017-07-30,109.88,0
2017-07-31,147.53,1
2017-08-01,104.05,0
2017-08-02,101.2,0
2017-08-03,106.61,0
2017-08-04,100.76,0
2017-08-05,96.37,0
2017-08-06,98.41,0
2017-08-07,97.73,0
2017-08-08,97.62,0
2017-08-09,94.65,0
2017-08-10,95.1,0
2017-08-11,90.41,0
2017-08-12,90.83,0
2017-08-13,89.15,0
2017-08-14,88.7,0
2017-08-15,90.96,0
2017-08-16,81.51,0
2017-08-17,93.41,0
2017-08-18,94.49,0
2017-08-19,93.46,0
2017-08-20,88.17,0
2017-08-21,93.1,0
2017-08-22,95.04,0
2017-08-23,90.21,0
2017-08-24,93.17,0
2017-08-25,93.97,0
2017-08-26,100.04,0
2017-08-27,95.74,0
2017-08-28,103.37,0
2017-08-29,101.17,0
2017-08-30,90.39,0
2017-08-31,139.41,1
2017-09-01,99.78,0
2017-09-02,102.48,0
2017-09-03,112.73,0
2017-09-04,102.5,0
2017-09-05,108.65,0
2017-09-06,108.92,0
2017-09-07,110.63,0
2017-09-08,110.73,0
2017-09-09,122.64,0
2017-09-10,121.91,0
2017-09-11,116.57,0
2017-09-12,109.51,0
2017-09-13,113.36,0
2017-09-14,116.31,0
2017-09-15,120.44,0
2017-09-16,120.45,0
2017-09-17,119.52,0
2017-09-18,124.65,0
2017-09-19,115.55,0
2017-09-20,111.47,0
2017-09-21,116.77,0
2017-09-22,115.13,0
2017-09-23,111.17,0
2017-09-24,109.53,0
2017-09-25,114.35,0
2017-09-26,115.84,0
2017-09-27,110.75,0
2017-09-28,108.33,0
2017-09-29,117.84,0
2017-09-30,141.92,1
2017-10-01,107.04,0
2017-10-02,102.18,0
2017-10-03,100.95,0
2017-10-04,100.48,0
2017-10-05,98.11,0
2017-10-06,106.51,0
2017-10-07,101.96,0
2017-10-08,98.18,0
2017-10-09,90.18,0
2017-10-10,101.26,0
2017-10-11,100.26,0
2017-10-12,92.57,0
2017-10-13,96.31,0
2017-10-14,99.87,0
2017-10-15,88.14,0
2017-10-16,103.25,0
2017-10-17,103.63,0
2017-10-18,95.58,0
2017-10-19,85.35,0
2017-10-20,95.08,0
2017-10-21,92.56,0
2017-10-22,97.75,0
2017-10-23,93.07,0
2017-10-24,88.74,0
2017-10-25,99.73,0
2017-10-26,100.62,0
2017-10-27,103.63,0
2017-10-28,96.96,0
2017-10-29,107.92,0
2017-10-30,106.07,0
2017-10-31,138.14,1
2017-11-01,107.77,0
2017-11-02,109.36,0
2017-11-03,110.23,0
2017-11-04,110.72,0
2017-11-05,119.76,0
2017-11-06,115.95,0
2017-11-07,113.21,0
2017-11-08,115.03,0
2017-11-09,107.58,0
2017-11-10,115.71,0
2017-11-11,115.4,0
2017-11-12,123.03,0
2017-11-13,115.3,0
2017-11-14,123.8,0
2017-11-15,120.77,0
2017-11-16,115.36,0
2017-11-17,124.05,0
2017-11-18,122.04,0
2017-11-19,112.46,0
2017-11-20,113.67,0
2017-11-21,114.4,0
2017-11-22,114.3,0
2017-11-23,115.95,0
2017-11-24,118.73,0
2017-11-25,115.93,0
2017-11-26,118.09,0
2017-11-27,114.75,0
2017-11-28,107.91,0
2017-11-29,109.93,0
2017-11-30,143.72,1
2017-12-01,106.65,0
2017-12-02,109.21,0
2017-12-03,105.88,0
2017-12-04,99.47,0
2017-12-05,112.95,0
2017-12-06,109.91,0
2017-12-07,104.17,0
2017-12-08,102.38,0
2017-12-09,100.05,0
2017-12-10,100.78,0
2017-12-11,101.84,0
2017-12-12,103.96,0
2017-12-13,93.61,0
2017-12-14,99.34,0
2017-12-15,104.1,0
2017-12-16,99.93,0
2017-12-17,99.99,0
2017-12-18,93.66,0
2017-12-19,100.15,0
2017-12-20,95.61,0
2017-12-21,101.53,0
2017-12-22,101.78,0
2017-12-23,103.65,0
2017-12-24,104.36,0
2017-12-25,97.83,0
2017-12-26,97.02,0
2017-12-27,101.29,0
2017-12-28,103.57,0
2017-12-29,102.99,0
2017-12-30,106.61,0
2017-12-31,140.95,1
2018-01-01,108.85,0
2018-01-02,107.98,0
2018-01-03,115.94,0
2018-01-04,111.06,0
2018-01-05,115.46,0
2018-01-06,115.75,0
2018-01-07,118.63,0
2018-01-08,127.34,0
2018-01-09,116.3,0
2018-01-10,120.66,0
2018-01-11,117.89,0
2018-01-12,115.26,0
2018-01-13,123.64,0
2018-01-14,116.63,0
2018-01-15,122.57,0
2018-01-16,120.39,0
2018-01-17,126.33,0
2018-01-18,119.1,0
2018-01-19,120.46,0
2018-01-20,124.31,0
2018-01-21,116.97,0
2018-01-22,120.39,0
2018-01-23,123.82,0
2018-01-24,120.02,0
2018-01-25,113.46,0
2018-01-26,116.79,0
2018-01-27,115.85,0
2018-01-28,113.72,0
2018-01-29,107.15,0
2018-01-30,109.76,0
2018-01-31,157.05,1
2018-02-01,106.54,0
2018-02-02,109.81,0
2018-02-03,105.83,0
2018-02-04,100.7,0
2018-02-05,107.24,0
2018-02-06,106.74,0
2018-02-07,103.38,0
2018-02-08,109.56,0
2018-02-09,103.03,0
2018-02-10,90.56,0
2018-02-11,99.0,0
2018-02-12,99.36,0
2018-02-13,105.69,0
2018-02-14,104.43,0
2018-02-15,93.77,0
2018-02-16,98.28,0
2018-02-17,109.71,0
2018-02-18,102.16,0
2018-02-19,102.83,0
2018-02-20,102.11,0
2018-02-21,94.9,0
2018-02-22,103.52,0
2018-02-23,100.1,0
2018-02-24,98.67,0
2018-02-25,100.0,0
2018-02-26,109.12,0
2018-02-27,105.05,0
2018-02-28,143.56,1
2018-03-01,111.67,0
2018-03-02,108.35,0
2018-03-03,117.33,0
2018-03-04,107.61,0
2018-03-05,116.26,0
2018-03-06,122.3,0
2018-03-07,114.83,0
2018-03-08,120.9,0
2018-03-09,114.69,0
2018-03-10,123.6,0
2018-03-11,121.4,0
2018-03-12,126.74,0
2018-03-13,123.35,0
2018-03-14,129.15,0
2018-03-15,127.08,0
2018-03-16,124.19,0
2018-03-17,122.78,0
2018-03-18,124.68,0
2018-03-19,129.66,0
2018-03-20,127.35,0
2018-03-21,125.7,0
2018-03-22,135.04,0
2018-03-23,126.81,0
2018-03-24,134.65,0
2018-03-25,122.95,0
2018-03-26,121.67,0
2018-03-27,116.1,0
2018-03-28,123.03,0
2018-03-29,118.76,0
2018-03-30,121.63,0
2018-03-31,153.98,1
2018-04-01,115.56,0
2018-04-02,119.58,0
2018-04-03,117.29,0
2018-04-04,107.72,0
2018-04-05,116.83,0
2018-04-06,108.75,0
2018-04-07,109.32,0
2018-04-08,112.39,0
2018-04-09,108.31,0
2018-04-10,108.7,0
2018-04-11,108.08,0
2018-04-12,111.12,0
2018-04-13,109.37,0
2018-04-14,104.03,0
2018-04-15,108.01,0
2018-04-16,106.14,0
2018-04-17,101.79,0
2018-04-18,98.98,0
2018-04-19,109.17,0
2018-04-20,101.49,0
2018-04-21,107.84,0
2018-04-22,94.58,0
2018-04-23,102.57,0
2018-04-24,100.84,0
2018-04-25,101.46,0
2018-04-26,105.37,0
2018-04-27,106.68,0
2018-04-28,108.99,0
2018-04-29,109.31,0
2018-04-30,142.21,1
2018-05-01,115.53,0
2018-05-02,115.14,0
2018-05-03,117.85,0
2018-05-04,123.29,0
2018-05-05,116.49,0
2018-05-06,125.11,0
2018-05-07,118.78,0
2018-05-08,122.75,0
2018-05-09,118.38,0
2018-05-10,125.37,0
2018-05-11,124.79,0
2018-05-12,130.43,0
2018-05-13,126.75,0
2018-05-14,129.16,0
2018-05-15,125.25,0
2018-05-16,131.77,0
2018-05-17,127.91,0
2018-05-18,131.72,0
2018-05-19,124.82,0
2018-05-20,129.04,0
2018-05-21,127.75,0
2018-05-22,127.55,0
2018-05-23,128.13,0
2018-05-24,125.1,0
2018-05-25,126.58,0
2018-05-26,117.93,0
2018-05-27,125.33,0
2018-05-28,126.97,0
2018-05-29,122.5,0
2018-05-30,118.82,0
2018-05-31,149.75,1
2018-06-01,112.48,0
2018-06-02,110.28,0
2018-06-03,119.35,0
2018-06-04,116.24,0
2018-06-05,122.33,0
2018-06-06,116.62,0
2018-06-07,111.02,0
2018-06-08,111.14,0
2018-06-09,113.22,0
2018-06-10,109.42,0
2018-06-11,108.35,0
2018-06-12,121.65,0
2018-06-13,107.73,0
2018-06-14,109.36,0
2018-06-15,112.58,0
2018-06-16,102.58,0
2018-06-17,108.73,0
2018-06-18,112.92,0
2018-06-19,107.6,0
2018-06-20,105.42,0
2018-06-21,107.1,0
2018-06-22,101.11,0
2018-06-23,108.05,0
2018-06-24,105.06,0
2018-06-25,114.69,0
2018-06-26,115.94,0
2018-06-27,111.53,0
2018-06-28,115.31,0
2018-06-29,119.51,0
2018-06-30,148.95,1
2018-07-01,113.9,0
2018-07-02,110.15,0
2018-07-03,118.53,0
2018-07-04,117.09,0
2018-07-05,124.13,0
2018-07-06,117.59,0
2018-07-07,130.77,0
2018-07-08,126.11,0
2018-07-09,125.62,0
2018-07-10,129.04,0
2018-07-11,133.79,0
2018-07-12,130.09,0
2018-07-13,128.44,0
2018-07-14,127.89,0
2018-07-15,132.85,0
2018-07-16,132.9,0
2018-07-17,135.84,0
2018-07-18,121.69,0
2018-07-19,130.78,0
2018-07-20,129.98,0
2018-07-21,139.9,0
2018-07-22,126.61,0
2018-07-23,130.7,0
2018-07-24,135.69,0
2018-07-25,129.52,0
2018-07-26,126.5,0
2018-07-27,127.11,0
2018-07-28,130.95,0
2018-07-29,120.74,0
2018-07-30,120.12,0
2018-07-31,163.03,1
2018-08-01,124.17,0
2018-08-02,121.79,0
2018-08-03,119.88,0
2018-08-04,118.4,0
2018-08-05,117.53,0
2018-08-06,114.46,0
2018-08-07,120.11,0
2018-08-08,112.16,0
2018-08-09,112.42,0
2018-08-10,112.52,0
2018-08-11,112.79,0
2018-08-12,112.43,0
2018-08-13,116.72,0
2018-08-14,109.81,0
2018-08-15,103.58,0
2018-08-16,113.43,0
2018-08-17,109.5,0
2018-08-18,108.05,0
2018-08-19,113.35,0
2018-08-20,108.75,0
2018-08-21,109.06,0
2018-08-22,105.39,0
2018-08-23,121.2,0
2018-08-24,106.72,0
2018-08-25,114.28,0
2018-08-26,115.79,0
2018-08-27,109.0,0
2018-08-28,111.4,0
2018-08-29,118.86,0
2018-08-30,122.65,0
2018-08-31,154.53,1
2018-09-01,115.45,0
2018-09-02,118.68,0
2018-09-03,121.69,0
2018-09-04,122.03,0
2018-09-05,128.28,0
2018-09-06,131.01,0
2018-09-07,121.08,0
2018-09-08,130.48,0
2018-09-09,127.48,0
2018-09-10,129.93,0
2018-09-11,135.46,0
2018-09-12,128.86,0
2018-09-13,129.96,0
2018-09-14,128.44,0
2018-09-15,131.91,0
2018-09-16,146.27,0
2018-09-17,141.98,0
2018-09-18,132.09,0
2018-09-19,136.7,0
2018-09-20,139.45,0
2018-09-21,138.67,0
2018-09-22,135.06,0
2018-09-23,134.18,0
2018-09-24,127.81,0
2018-09-25,129.94,0
2018-09-26,133.77,0
2018-09-27,132.9,0
2018-09-28,131.04,0
2018-09-29,125.48,0
2018-09-30,163.08,1
2018-10-01,123.64,0
2018-10-02,126.81,0
2018-10-03,118.45,0
2018-10-04,124.22,0
2018-10-05,119.19,0
2018-10-06,113.2,0
2018-10-07,115.81,0
2018-10-08,113.61,0
2018-10-09,114.48,0
2018-10-10,113.15,0
2018-10-11,119.21,0
2018-10-12,113.27,0
2018-10-13,111.4,0
2018-10-14,111.66,0
2018-10-15,112.75,0
2018-10-16,114.13,0
2018-10-17,111.6,0
2018-10-18,110.76,0
2018-10-19,114.02,0
2018-10-20,105.48,0
2018-10-21,110.7,0
2018-10-22,114.77,0
2018-10-23,109.21,0
2018-10-24,116.26,0
2018-10-25,121.51,0
2018-10-26,117.51,0
2018-10-27,117.22,0
2018-10-28,113.7,0
2018-10-29,116.48,0
2018-10-30,118.98,0
2018-10-31,156.64,1
2018-11-01,124.4,0
2018-11-02,116.71,0
2018-11-03,131.44,0
2018-11-04,124.88,0
2018-11-05,127.52,0
2018-11-06,130.33,0
2018-11-07,130.59,0
2018-11-08,136.05,0
2018-11-09,130.79,0
2018-11-10,130.99,0
2018-11-11,133.69,0
2018-11-12,135.8,0
2018-11-13,130.28,0
2018-11-14,145.15,0
2018-11-15,136.56,0
2018-11-16,138.13,0
2018-11-17,133.88,0
2018-11-18,139.17,0
2018-11-19,135.18,0
2018-11-20,126.38,0
2018-11-21,136.84,0
2018-11-22,140.12,0
2018-11-23,140.1,0
2018-11-24,139.06,0
2018-11-25,134.05,0
2018-11-26,135.97,0
2018-11-27,139.93,0
2018-11-28,130.71,0
2018-11-29,123.68,0
2018-11-30,161.04,1
2018-12-01,128.31,0
2018-12-02,122.77,0
2018-12-03,128.91,0
2018-12-04,124.73,0
2018-12-05,116.33,0
2018-12-06,121.73,0
2018-12-07,118.61,0
2018-12-08,120.82,0
2018-12-09,112.98,0
2018-12-10,113.06,0
2018-12-11,123.21,0
2018-12-12,121.65,0
2018-12-13,113.03,0
2018-12-14,115.84,0
2018-12-15,121.88,0
2018-12-16,114.85,0
2018-12-17,115.4,0
2018-12-18,117.34,0
2018-12-19,108.98,0
2018-12-20,106.2,0
2018-12-21,119.43,0
2018-12-22,126.35,0
2018-12-23,117.01,0
2018-12-24,113.13,0
2018-12-25,119.11,0
2018-12-26,118.02,0
2018-12-27,118.31,0
2018-12-28,121.97,0
2018-12-29,122.96,0
2018-12-30,127.46,0
2018-12-31,166.3,1
2019-01-01,123.61,0
2019-01-02,127.3,0
2019-01-03,127.29,0
2019-01-04,127.0,0
2019-01-05,127.21,0
2019-01-06,127.31,0
2019-01-07,133.24,0
2019-01-08,135.9,0
2019-01-09,134.63,0
2019-01-10,130.7,0
2019-01-11,136.55,0
2019-01-12,136.5,0
2019-01-13,138.29,0
2019-01-14,135.12,0
2019-01-15,137.55,0
2019-01-16,135.82,0
2019-01-17,140.27,0
2019-01-18,130.95,0
2019-01-19,140.27,0
2019-01-20,132.1,0
2019-01-21,146.77,0
2019-01-22,142.7,0
2019-01-23,130.82,0
2019-01-24,133.55,0
2019-01-25,142.84,0
2019-01-26,129.94,0
2019-01-27,133.49,0
2019-01-28,139.18,0
2019-01-29,131.76,0
2019-01-30,141.32,0
2019-01-31,165.54,1
2019-02-01,139.1,0
2019-02-02,129.64,0
2019-02-03,125.79,0
2019-02-04,124.67,0
2019-02-05,119.36,0
2019-02-06,130.24,0
2019-02-07,121.82,0
2019-02-08,119.61,0
2019-02-09,122.46,0
2019-02-10,114.31,0
2019-02-11,117.03,0
2019-02-12,121.2,0
2019-02-13,113.58,0
2019-02-14,111.45,0
2019-02-15,113.98,0
2019-02-16,122.02,0
2019-02-17,116.3,0
2019-02-18,121.86,0
2019-02-19,116.65,0
2019-02-20,121.02,0
2019-02-21,119.45,0
2019-02-22,112.28,0
2019-02-23,122.38,0
2019-02-24,125.94,0
2019-02-25,131.33,0
2019-02-26,121.85,0
2019-02-27,124.6,0
2019-02-28,162.07,1
2019-03-01,117.94,0
2019-03-02,134.96,0
2019-03-03,133.66,0
2019-03-04,127.45,0
2019-03-05,131.36,0
2019-03-06,133.91,0
2019-03-07,131.55,0
2019-03-08,131.57,0
2019-03-09,141.69,0
2019-03-10,138.15,0
2019-03-11,137.56,0
2019-03-12,142.77,0
2019-03-13,141.94,0
2019-03-14,146.46,0
2019-03-15,137.78,0
2019-03-16,137.31,0
2019-03-17,146.58,0
2019-03-18,142.44,0
2019-03-19,141.84,0
2019-03-20,136.91,0
2019-03-21,141.4,0
2019-03-22,145.37,0
2019-03-23,146.24,0
2019-03-24,142.38,0
2019-03-25,142.22,0
2019-03-26,135.98,0
2019-03-27,135.81,0
2019-03-28,132.95,0
2019-03-29,143.69,0
2019-03-30,138.12,0
2019-03-31,169.96,1
2019-04-01,134.33,0
2019-04-02,133.35,0
2019-04-03,128.58,0
2019-04-04,127.41,0
2019-04-05,135.68,0
2019-04-06,138.48,0
2019-04-07,122.12,0
2019-04-08,122.75,0
2019-04-09,128.84,0
2019-04-10,116.19,0
2019-04-11,122.04,0
2019-04-12,127.94,0
2019-04-13,118.4,0
2019-04-14,119.85,0
2019-04-15,122.76,0
2019-04-16,125.01,0
2019-04-17,129.27,0
2019-04-18,116.32,0
2019-04-19,116.49,0
2019-04-20,128.77,0
2019-04-21,126.13,0
2019-04-22,117.85,0
2019-04-23,124.29,0
2019-04-24,125.53,0
2019-04-25,119.05,0
2019-04-26,114.32,0
2019-04-27,124.29,0
2019-04-28,130.57,0
2019-04-29,120.73,0
2019-04-30,161.05,1
2019-05-01,136.22,0
2019-05-02,132.2,0
2019-05-03,132.75,0
2019-05-04,139.9,0
2019-05-05,133.14,0
2019-05-06,142.1,0
2019-05-07,136.27,0
2019-05-08,134.75,0
2019-05-09,140.18,0
2019-05-10,139.1,0
2019-05-11,143.02,0
2019-05-12,144.62,0
2019-05-13,140.19,0
2019-05-14,151.03,0
2019-05-15,144.68,0
2019-05-16,149.99,0
2019-05-17,146.47,0
2019-05-18,146.75,0
2019-05-19,146.65,0
2019-05-20,143.17,0
2019-05-21,148.14,0
2019-05-22,146.93,0
2019-05-23,144.18,0
2019-05-24,144.34,0
2019-05-25,137.07,0
2019-05-26,140.74,0
2019-05-27,144.92,0
2019-05-28,136.39,0
2019-05-29,138.85,0
2019-05-30,144.51,0
2019-05-31,168.48,1
2019-06-01,141.86,0
2019-06-02,134.96,0
2019-06-03,139.61,0
2019-06-04,132.88,0
2019-06-05,126.74,0
2019-06-06,132.87,0
2019-06-07,130.46,0
2019-06-08,126.76,0
2019-06-09,122.58,0
2019-06-10,134.62,0
2019-06-11,124.34,0
2019-06-12,119.69,0
2019-06-13,123.41,0
2019-06-14,135.0,0
2019-06-15,119.74,0
2019-06-16,112.73,0
2019-06-17,121.47,0
2019-06-18,124.23,0
2019-06-19,117.8,0
2019-06-20,125.18,0
2019-06-21,129.03,0
2019-06-22,127.05,0
2019-06-23,123.92,0
2019-06-24,118.32,0
2019-06-25,130.77,0
2019-06-26,127.65,0
2019-06-27,131.41,0
2019-06-28,134.22,0
2019-06-29,124.78,0
2019-06-30,164.37,1
2019-07-01,134.68,0
2019-07-02,131.09,0
2019-07-03,126.67,0
2019-07-04,139.28,0
2019-07-05,135.89,0
2019-07-06,140.27,0
2019-07-07,135.66,0
2019-07-08,137.95,0
2019-07-09,146.43,0
2019-07-10,149.02,0
2019-07-11,141.79,0
2019-07-12,144.42,0
2019-07-13,153.29,0
2019-07-14,149.77,0
2019-07-15,147.08,0
2019-07-16,149.94,0
2019-07-17,154.27,0
2019-07-18,144.18,0
2019-07-19,148.61,0
2019-07-20,145.73,0
2019-07-21,152.08,0
2019-07-22,145.38,0
2019-07-23,149.42,0
2019-07-24,147.33,0
2019-07-25,146.91,0
2019-07-26,145.23,0
2019-07-27,149.65,0
2019-07-28,149.26,0
2019-07-29,142.21,0
2019-07-30,144.71,0
2019-07-31,176.33,1
2019-08-01,137.14,0
2019-08-02,143.97,0
2019-08-03,138.95,0
2019-08-04,130.82,0
2019-08-05,135.5,0
2019-08-06,137.0,0
2019-08-07,133.47,0
2019-08-08,131.53,0
2019-08-09,122.98,0
2019-08-10,134.82,0
2019-08-11,127.96,0
2019-08-12,129.86,0
2019-08-13,123.05,0
2019-08-14,122.87,0
2019-08-15,124.82,0
2019-08-16,127.21,0
2019-08-17,125.25,0
2019-08-18,125.85,0
2019-08-19,126.97,0
2019-08-20,121.68,0
2019-08-21,124.24,0
2019-08-22,132.25,0
2019-08-23,123.59,0
2019-08-24,129.82,0
2019-08-25,119.43,0
2019-08-26,131.2,0
2019-08-27,128.68,0
2019-08-28,124.32,0
2019-08-29,137.94,0
2019-08-30,135.64,0
2019-08-31,165.21,1
2019-09-01,130.49,0
2019-09-02,138.41,0
2019-09-03,134.42,0
2019-09-04,145.18,0
2019-09-05,147.8,0
2019-09-06,140.0,0
2019-09-07,149.48,0
2019-09-08,149.52,0
2019-09-09,145.87,0
2019-09-10,151.21,0
2019-09-11,151.88,0
2019-09-12,150.29,0
2019-09-13,145.78,0
2019-09-14,146.73,0
2019-09-15,152.98,0
2019-09-16,153.16,0
2019-09-17,151.74,0
2019-09-18,149.32,0
2019-09-19,151.65,0
2019-09-20,148.92,0
2019-09-21,153.29,0
2019-09-22,152.84,0
2019-09-23,154.16,0
2019-09-24,149.0,0
2019-09-25,148.99,0
2019-09-26,151.22,0
2019-09-27,149.81,0
2019-09-28,142.62,0
2019-09-29,146.25,0
2019-09-30,172.9,1
2019-10-01,141.59,0
2019-10-02,135.49,0
2019-10-03,139.27,0
2019-10-04,146.37,0
2019-10-05,143.22,0
2019-10-06,140.06,0
2019-10-07,136.36,0
2019-10-08,138.22,0
2019-10-09,138.41,0
2019-10-10,138.2,0
2019-10-11,137.35,0
2019-10-12,131.58,0
2019-10-13,123.75,0
2019-10-14,124.89,0
2019-10-15,121.02,0
2019-10-16,135.02,0
2019-10-17,130.1,0
2019-10-18,129.13,0
2019-10-19,130.13,0
2019-10-20,132.9,0
2019-10-21,130.11,0
2019-10-22,129.93,0
2019-10-23,126.25,0
2019-10-24,132.33,0
2019-10-25,130.98,0
2019-10-26,131.0,0
2019-10-27,133.93,0
2019-10-28,133.22,0
2019-10-29,140.51,0
2019-10-30,135.7,0
2019-10-31,171.33,1
2019-11-01,140.44,0
2019-11-02,143.12,0
2019-11-03,138.43,0
2019-11-04,142.45,0
2019-11-05,143.29,0
2019-11-06,153.73,0
2019-11-07,154.81,0
2019-11-08,144.81,0
2019-11-09,146.12,0
2019-11-10,156.85,0
2019-11-11,151.51,0
2019-11-12,159.52,0
2019-11-13,148.05,0
2019-11-14,156.87,0
2019-11-15,154.91,0
2019-11-16,151.32,0
2019-11-17,150.91,0
2019-11-18,154.98,0
2019-11-19,152.89,0
2019-11-20,155.38,0
2019-11-21,156.94,0
2019-11-22,152.0,0
2019-11-23,152.41,0
2019-11-24,156.32,0
2019-11-25,159.76,0
2019-11-26,150.41,0
2019-11-27,152.18,0
2019-11-28,145.09,0
2019-11-29,150.29,0
2019-11-30,179.28,1
2019-12-01,148.11,0
2019-12-02,141.59,0
2019-12-03,140.35,0
2019-12-04,143.82,0
2019-12-05,136.04,0
2019-12-06,137.5,0
2019-12-07,139.4,0
2019-12-08,140.72,0
2019-12-09,140.8,0
2019-12-10,129.25,0
2019-12-11,130.19,0
2019-12-12,137.94,0
2019-12-13,128.17,0
2019-12-14,135.6,0
2019-12-15,135.27,0
2019-12-16,127.05,0
2019-12-17,124.65,0
2019-12-18,126.48,0
2019-12-19,136.92,0
2019-12-20,136.8,0
2019-12-21,137.12,0
2019-12-22,144.43,0
2019-12-23,142.94,0
2019-12-24,128.58,0
2019-12-25,137.99,0
2019-12-26,137.47,0
2019-12-27,139.92,0
2019-12-28,136.26,0
2019-12-29,137.8,0
2019-12-30,146.8,0
2019-12-31,179.57,1
2020-01-01,144.57,0
2020-01-02,145.57,0
2020-01-03,151.29,0
2020-01-04,149.52,0
2020-01-05,147.22,0
2020-01-06,147.81,0
2020-01-07,146.95,0
2020-01-08,148.82,0
2020-01-09,160.19,0
2020-01-10,155.69,0
2020-01-11,146.52,0
2020-01-12,155.38,0
2020-01-13,147.93,0
2020-01-14,157.04,0
2020-01-15,157.21,0
2020-01-16,153.1,0
2020-01-17,163.16,0
2020-01-18,160.03,0
2020-01-19,158.4,0
2020-01-20,160.14,0
2020-01-21,159.46,0
2020-01-22,161.77,0
2020-01-23,162.55,0
2020-01-24,151.58,0
2020-01-25,157.2,0
2020-01-26,153.41,0
2020-01-27,155.72,0
2020-01-28,150.63,0
2020-01-29,156.27,0
2020-01-30,143.65,0
2020-01-31,176.96,1
2020-02-01,145.11,0
2020-02-02,150.24,0
2020-02-03,140.02,0
2020-02-04,151.31,0
2020-02-05,137.35,0
2020-02-06,146.06,0
2020-02-07,140.96,0
2020-02-08,146.0,0
2020-02-09,145.92,0
2020-02-10,137.51,0
2020-02-11,129.19,0
2020-02-12,133.66,0
2020-02-13,132.84,0
2020-02-14,134.52,0
2020-02-15,131.17,0
2020-02-16,137.08,0
2020-02-17,137.61,0
2020-02-18,135.74,0
2020-02-19,137.24,0
2020-02-20,139.99,0
2020-02-21,140.41,0
2020-02-22,135.7,0
2020-02-23,132.67,0
2020-02-24,145.0,0
2020-02-25,139.06,0
2020-02-26,139.21,0
2020-02-27,145.75,0
2020-02-28,140.47,0
2020-02-29,168.68,1
2020-03-01,145.44,0
2020-03-02,149.07,0
2020-03-03,140.41,0
2020-03-04,150.11,0
2020-03-05,155.02,0
2020-03-06,149.86,0
2020-03-07,147.46,0
2020-03-08,157.72,0
2020-03-09,159.4,0
2020-03-10,153.66,0
2020-03-11,153.19,0
2020-03-12,161.14,0
2020-03-13,161.62,0
2020-03-14,158.98,0
2020-03-15,167.45,0
2020-03-16,159.8,0
2020-03-17,153.86,0
2020-03-18,164.37,0
2020-03-19,161.32,0
2020-03-20,164.03,0
2020-03-21,157.62,0
2020-03-22,159.27,0
2020-03-23,163.44,0
2020-03-24,160.48,0
2020-03-25,162.76,0
2020-03-26,155.19,0
2020-03-27,152.38,0
2020-03-28,154.08,0
2020-03-29,151.04,0
2020-03-30,157.18,0
2020-03-31,192.95,1
2020-04-01,156.3,0
2020-04-02,157.9,0
2020-04-03,145.91,0
2020-04-04,146.26,0
2020-04-05,147.43,0
2020-04-06,147.35,0
2020-04-07,142.39,0
2020-04-08,147.13,0
2020-04-09,149.64,0
2020-04-10,142.14,0
2020-04-11,146.71,0
2020-04-12,144.65,0
2020-04-13,147.04,0
2020-04-14,138.42,0
2020-04-15,133.47,0
2020-04-16,140.97,0
2020-04-17,135.18,0
2020-04-18,140.15,0
2020-04-19,138.94,0
2020-04-20,136.8,0
2020-04-21,145.08,0
2020-04-22,143.79,0
2020-04-23,143.7,0
2020-04-24,140.98,0
2020-04-25,144.25,0
2020-04-26,138.83,0
2020-04-27,137.41,0
2020-04-28,141.84,0
2020-04-29,136.86,0
2020-04-30,182.51,1
2020-05-01,140.71,0
2020-05-02,147.91,0
2020-05-03,150.45,0
2020-05-04,156.96,0
2020-05-05,159.34,0
2020-05-06,153.34,0
2020-05-07,157.64,0
2020-05-08,150.3,0
2020-05-09,161.67,0
2020-05-10,161.01,0
2020-05-11,154.71,0
2020-05-12,164.14,0
2020-05-13,160.61,0
2020-05-14,167.44,0
2020-05-15,161.01,0
2020-05-16,162.98,0
2020-05-17,164.86,0
2020-05-18,157.26,0
2020-05-19,168.38,0
2020-05-20,166.61,0
2020-05-21,167.3,0
2020-05-22,157.39,0
2020-05-23,163.35,0
2020-05-24,168.5,0
2020-05-25,160.82,0
2020-05-26,162.03,0
2020-05-27,159.49,0
2020-05-28,164.17,0
2020-05-29,151.8,0
2020-05-30,154.25,0
2020-05-31,186.2,1
2020-06-01,149.83,0
2020-06-02,153.88,0
2020-06-03,155.55,0
2020-06-04,151.45,0
2020-06-05,148.95,0
2020-06-06,142.37,0
2020-06-07,144.86,0
2020-06-08,150.62,0
2020-06-09,150.39,0
2020-06-10,153.94,0
2020-06-11,148.38,0
2020-06-12,139.6,0
2020-06-13,134.18,0
2020-06-14,145.58,0
2020-06-15,150.32,0
2020-06-16,144.18,0
2020-06-17,139.61,0
2020-06-18,139.15,0
2020-06-19,143.61,0
2020-06-20,143.95,0
2020-06-21,144.44,0
2020-06-22,142.16,0
2020-06-23,144.41,0
2020-06-24,140.32,0
2020-06-25,145.67,0
2020-06-26,145.61,0
2020-06-27,150.91,0
2020-06-28,150.8,0
2020-06-29,150.52,0
2020-06-30,189.85,1
2020-07-01,143.07,0
2020-07-02,152.74,0
2020-07-03,156.56,0
2020-07-04,157.94,0
2020-07-05,156.87,0
2020-07-06,156.03,0
2020-07-07,151.42,0
2020-07-08,160.66,0
2020-07-09,158.3,0
2020-07-10,173.59,0
2020-07-11,166.3,0
2020-07-12,162.34,0
2020-07-13,166.68,0
2020-07-14,172.18,0
2020-07-15,170.13,0
2020-07-16,165.29,0
2020-07-17,160.93,0
2020-07-18,165.58,0
2020-07-19,168.89,0
2020-07-20,164.07,0
2020-07-21,174.45,0
2020-07-22,168.22,0
2020-07-23,160.32,0
2020-07-24,168.18,0
2020-07-25,161.64,0
2020-07-26,159.76,0
2020-07-27,162.3,0
2020-07-28,164.1,0
2020-07-29,167.79,0
2020-07-30,157.44,0
2020-07-31,187.23,1
2020-08-01,160.71,0
2020-08-02,152.33,0
2020-08-03,153.19,0
2020-08-04,160.09,0
2020-08-05,155.84,0
2020-08-06,148.66,0
2020-08-07,154.24,0
2020-08-08,149.44,0
2020-08-09,145.16,0
2020-08-10,149.03,0
2020-08-11,140.35,0
2020-08-12,146.87,0
2020-08-13,138.89,0
2020-08-14,145.9,0
2020-08-15,147.0,0
2020-08-16,143.31,0
2020-08-17,139.9,0
2020-08-18,147.05,0
2020-08-19,144.43,0
2020-08-20,136.5,0
2020-08-21,142.56,0
2020-08-22,145.31,0
2020-08-23,154.19,0
2020-08-24,145.61,0
2020-08-25,151.29,0
2020-08-26,153.75,0
2020-08-27,142.4,0
2020-08-28,147.48,0
2020-08-29,145.63,0
2020-08-30,151.85,0
2020-08-31,190.46,1
2020-09-01,151.22,0
2020-09-02,159.07,0
2020-09-03,166.12,0
2020-09-04,159.85,0
2020-09-05,159.57,0
2020-09-06,162.14,0
2020-09-07,162.67,0
2020-09-08,168.24,0
2020-09-09,162.88,0
2020-09-10,159.29,0
2020-09-11,166.54,0
2020-09-12,166.62,0
2020-09-13,166.14,0
2020-09-14,162.83,0
2020-09-15,167.78,0
2020-09-16,170.73,0
2020-09-17,172.63,0
2020-09-18,158.4,0
2020-09-19,169.86,0
2020-09-20,171.54,0
2020-09-21,163.54,0
2020-09-22,166.61,0
2020-09-23,173.05,0
2020-09-24,162.47,0
2020-09-25,169.16,0
2020-09-26,159.28,0
2020-09-27,164.36,0
2020-09-28,162.0,0
2020-09-29,158.76,0
2020-09-30,192.7,1
2020-10-01,160.21,0
2020-10-02,156.43,0
2020-10-03,157.76,0
2020-10-04,151.53,0
2020-10-05,157.08,0
2020-10-06,155.41,0
2020-10-07,158.44,0
2020-10-08,149.57,0
2020-10-09,145.38,0
2020-10-10,147.56,0
2020-10-11,156.32,0
2020-10-12,150.75,0
2020-10-13,150.4,0
2020-10-14,143.67,0
2020-10-15,146.14,0
2020-10-16,141.01,0
2020-10-17,146.58,0
2020-10-18,143.68,0
2020-10-19,134.63,0
2020-10-20,151.31,0
2020-10-21,154.65,0
2020-10-22,146.4,0
2020-10-23,149.68,0
2020-10-24,147.46,0
2020-10-25,157.16,0
2020-10-26,155.68,0
2020-10-27,150.55,0
2020-10-28,148.86,0
2020-10-29,156.59,0
2020-10-30,152.59,0
2020-10-31,190.08,1
2020-11-01,163.66,0
2020-11-02,159.98,0
2020-11-03,168.67,0
2020-11-04,164.09,0
2020-11-05,165.77,0
2020-11-06,165.28,0
2020-11-07,164.83,0
2020-11-08,167.79,0
2020-11-09,169.56,0
2020-11-10,172.98,0
2020-11-11,174.81,0
2020-11-12,168.59,0
2020-11-13,167.08,0
2020-11-14,170.65,0
2020-11-15,177.6,0
2020-11-16,175.86,0
2020-11-17,176.28,0
2020-11-18,168.44,0
2020-11-19,181.74,0
2020-11-20,172.59,0
2020-11-21,175.11,0
2020-11-22,177.59,0
2020-11-23,171.21,0
2020-11-24,170.22,0
2020-11-25,171.68,0
2020-11-26,165.14,0
2020-11-27,169.76,0
2020-11-28,162.22,0
2020-11-29,166.33,0
2020-11-30,201.09,1
2020-12-01,163.95,0
2020-12-02,164.79,0
2020-12-03,155.41,0
2020-12-04,163.28,0
2020-12-05,163.84,0
2020-12-06,160.56,0
2020-12-07,147.73,0
2020-12-08,152.73,0
2020-12-09,158.73,0
2020-12-10,152.94,0
2020-12-11,149.9,0
2020-12-12,145.81,0
2020-12-13,144.25,0
2020-12-14,154.09,0
2020-12-15,147.02,0
2020-12-16,142.41,0
2020-12-17,144.06,0
2020-12-18,145.92,0
2020-12-19,148.19,0
2020-12-20,147.55,0
2020-12-21,152.91,0
2020-12-22,150.46,0
2020-12-23,151.65,0
2020-12-24,150.56,0
2020-12-25,154.48,0
2020-12-26,152.82,0
2020-12-27,153.01,0
2020-12-28,153.9,0
2020-12-29,155.34,0
2020-12-30,153.32,0
2020-12-31,196.09,1
2021-01-01,159.95,0
2021-01-02,158.07,0
2021-01-03,163.99,0
2021-01-04,168.71,0
2021-01-05,164.6,0
2021-01-06,163.52,0
2021-01-07,168.99,0
2021-01-08,170.18,0
2021-01-09,178.35,0
2021-01-10,175.86,0
2021-01-11,177.93,0
2021-01-12,173.98,0
2021-01-13,180.59,0
2021-01-14,168.9,0
2021-01-15,178.3,0
2021-01-16,171.99,0
2021-01-17,180.86,0
2021-01-18,172.67,0
2021-01-19,169.14,0
2021-01-20,165.8,0
2021-01-21,172.09,0
2021-01-22,175.26,0
2021-01-23,164.63,0
2021-01-24,171.68,0
2021-01-25,168.81,0
2021-01-26,172.74,0
2021-01-27,168.78,0
2021-01-28,168.91,0
2021-01-29,162.99,0
2021-01-30,176.22,0
2021-01-31,197.14,1
2021-02-01,163.45,0
2021-02-02,161.57,0
2021-02-03,164.06,0
2021-02-04,161.44,0
2021-02-05,155.9,0
2021-02-06,154.17,0
2021-02-07,160.19,0
2021-02-08,148.46,0
2021-02-09,152.91,0
2021-02-10,154.46,0
2021-02-11,152.44,0
2021-02-12,150.48,0
2021-02-13,157.69,0
2021-02-14,148.61,0
2021-02-15,157.82,0
2021-02-16,160.47,0
2021-02-17,152.63,0
2021-02-18,150.73,0
2021-02-19,161.27,0
2021-02-20,155.92,0
2021-02-21,159.58,0
2021-02-22,152.72,0
2021-02-23,156.67,0
2021-02-24,154.91,0
2021-02-25,161.91,0
2021-02-26,158.89,0
2021-02-27,163.66,0
2021-02-28,199.06,1
2021-03-01,160.38,0
2021-03-02,163.98,0
2021-03-03,172.57,0
2021-03-04,163.01,0
2021-03-05,169.42,0
2021-03-06,170.38,0
2021-03-07,166.84,0
2021-03-08,173.93,0
2021-03-09,178.85,0
2021-03-10,175.49,0
2021-03-11,170.29,0
2021-03-12,169.88,0
2021-03-13,183.59,0
2021-03-14,177.53,0
2021-03-15,178.6,0
2021-03-16,180.39,0
2021-03-17,172.42,0
2021-03-18,182.26,0
2021-03-19,184.1,0
2021-03-20,177.29,0
2021-03-21,167.93,0
2021-03-22,181.64,0
2021-03-23,171.51,0
2021-03-24,175.8,0
2021-03-25,180.22,0
2021-03-26,176.84,0
2021-03-27,170.62,0
2021-03-28,169.72,0
2021-03-29,172.6,0
2021-03-30,175.21,0
2021-03-31,209.96,1
2021-04-01,161.45,0
2021-04-02,167.27,0
2021-04-03,162.43,0
2021-04-04,163.73,0
2021-04-05,169.01,0
2021-04-06,170.28,0
2021-04-07,158.48,0
2021-04-08,154.91,0
2021-04-09,165.37,0
2021-04-10,157.57,0
2021-04-11,160.76,0
2021-04-12,158.73,0
2021-04-13,151.89,0
2021-04-14,156.54,0
2021-04-15,155.51,0
2021-04-16,154.13,0
2021-04-17,159.84,0
2021-04-18,156.08,0
2021-04-19,157.73,0
2021-04-20,157.12,0
2021-04-21,153.46,0
2021-04-22,154.93,0
2021-04-23,162.06,0
2021-04-24,160.58,0
2021-04-25,160.42,0
2021-04-26,153.77,0
2021-04-27,155.77,0
2021-04-28,159.33,0
2021-04-29,161.02,0
2021-04-30,205.13,1
2021-05-01,165.91,0
2021-05-02,163.38,0
2021-05-03,174.42,0
2021-05-04,168.96,0
2021-05-05,171.3,0
2021-05-06,169.45,0
2021-05-07,172.7,0
2021-05-08,172.82,0
2021-05-09,175.65,0
2021-05-10,181.96,0
2021-05-11,176.57,0
2021-05-12,177.61,0
2021-05-13,172.88,0
2021-05-14,186.76,0
2021-05-15,188.43,0
2021-05-16,177.62,0
2021-05-17,180.04,0
2021-05-18,183.13,0
2021-05-19,185.21,0
2021-05-20,183.22,0
2021-05-21,182.43,0
2021-05-22,173.58,0
2021-05-23,179.77,0
2021-05-24,176.17,0
2021-05-25,184.34,0
2021-05-26,178.86,0
2021-05-27,179.17,0
2021-05-28,166.67,0
2021-05-29,180.03,0
2021-05-30,178.09,0
2021-05-31,202.14,1
2021-06-01,167.53,0
2021-06-02,176.67,0
2021-06-03,175.26,0
2021-06-04,166.07,0
2021-06-05,173.97,0
2021-06-06,161.12,0
2021-06-07,165.81,0
2021-06-08,165.65,0
2021-06-09,159.48,0
2021-06-10,167.18,0
2021-06-11,159.52,0
2021-06-12,147.36,0
2021-06-13,158.16,0
2021-06-14,164.14,0
2021-06-15,174.3,0
2021-06-16,159.08,0
2021-06-17,158.8,0
2021-06-18,155.78,0
2021-06-19,154.56,0
2021-06-20,153.33,0
2021-06-21,160.39,0
2021-06-22,159.96,0
2021-06-23,163.48,0
2021-06-24,158.45,0
2021-06-25,167.47,0
2021-06-26,161.31,0
2021-06-27,163.08,0
2021-06-28,162.38,0
2021-06-29,160.52,0
2021-06-30,191.01,1
2021-07-01,165.76,0
2021-07-02,169.79,0
2021-07-03,172.5,0
2021-07-04,170.17,0
2021-07-05,180.3,0
2021-07-06,168.11,0
2021-07-07,177.35,0
2021-07-08,176.29,0
2021-07-09,182.31,0
2021-07-10,179.59,0
2021-07-11,174.86,0
2021-07-12,182.91,0
2021-07-13,186.3,0
2021-07-14,182.22,0
2021-07-15,187.11,0
2021-07-16,189.85,0
2021-07-17,191.87,0
2021-07-18,177.6,0
2021-07-19,187.08,0
2021-07-20,182.95,0
2021-07-21,179.27,0
2021-07-22,178.05,0
2021-07-23,180.81,0
2021-07-24,183.45,0
2021-07-25,187.09,0
2021-07-26,186.4,0
2021-07-27,180.42,0
2021-07-28,173.14,0
2021-07-29,179.7,0
2021-07-30,178.92,0
2021-07-31,213.43,1
2021-08-01,181.15,0
2021-08-02,176.92,0
2021-08-03,168.76,0
2021-08-04,176.12,0
2021-08-05,168.94,0
2021-08-06,172.02,0
2021-08-07,171.22,0
2021-08-08,170.72,0
2021-08-09,166.89,0
2021-08-10,163.36,0
2021-08-11,160.6,0
2021-08-12,161.6,0
2021-08-13,157.71,0
2021-08-14,158.78,0
2021-08-15,158.77,0
2021-08-16,162.0,0
2021-08-17,156.53,0
2021-08-18,159.77,0
2021-08-19,159.84,0
2021-08-20,164.55,0
2021-08-21,159.94,0
2021-08-22,163.16,0
2021-08-23,165.29,0
2021-08-24,166.04,0
2021-08-25,162.62,0
2021-08-26,163.68,0
2021-08-27,162.51,0
2021-08-28,167.55,0
2021-08-29,160.69,0
2021-08-30,163.34,0
2021-08-31,204.2,1
2021-09-01,170.64,0
2021-09-02,177.99,0
2021-09-03,181.91,0
2021-09-04,174.57,0
2021-09-05,172.63,0
2021-09-06,182.55,0
2021-09-07,170.81,0
2021-09-08,176.31,0
2021-09-09,181.49,0
2021-09-10,174.34,0
2021-09-11,183.45,0
2021-09-12,183.14,0
2021-09-13,182.73,0
2021-09-14,188.2,0
2021-09-15,191.88,0
2021-09-16,187.39,0
2021-09-17,186.15,0
2021-09-18,185.37,0
2021-09-19,187.08,0
2021-09-20,186.31,0
2021-09-21,177.58,0
2021-09-22,186.59,0
2021-09-23,187.52,0
2021-09-24,186.29,0
2021-09-25,190.08,0
2021-09-26,181.73,0
2021-09-27,183.28,0
2021-09-28,187.35,0
2021-09-29,173.63,0
2021-09-30,205.76,1
2021-10-01,176.65,0
2021-10-02,176.85,0
2021-10-03,177.27,0
2021-10-04,169.41,0
2021-10-05,168.51,0
2021-10-06,174.42,0
2021-10-07,172.04,0
2021-10-08,170.93,0
2021-10-09,165.0,0
2021-10-10,170.79,0
2021-10-11,165.04,0
2021-10-12,170.23,0
2021-10-13,166.88,0
2021-10-14,160.24,0
2021-10-15,165.83,0
2021-10-16,162.59,0
2021-10-17,165.56,0
2021-10-18,174.4,0
2021-10-19,159.54,0
2021-10-20,165.39,0
2021-10-21,167.38,0
2021-10-22,157.86,0
2021-10-23,156.55,0
2021-10-24,167.36,0
2021-10-25,173.53,0
2021-10-26,170.88,0
2021-10-27,165.65,0
2021-10-28,167.04,0
2021-10-29,177.66,0
2021-10-30,173.14,0
2021-10-31,212.96,1
2021-11-01,179.56,0
2021-11-02,174.4,0
2021-11-03,183.19,0
2021-11-04,179.44,0
2021-11-05,176.07,0
2021-11-06,181.48,0
2021-11-07,186.62,0
2021-11-08,184.0,0
2021-11-09,179.54,0
2021-11-10,190.24,0
2021-11-11,183.3,0
2021-11-12,185.88,0
2021-11-13,189.18,0
2021-11-14,192.69,0
2021-11-15,189.76,0
2021-11-16,185.51,0
2021-11-17,188.85,0
2021-11-18,185.81,0
2021-11-19,189.93,0
2021-11-20,186.95,0
2021-11-21,189.07,0
2021-11-22,188.19,0
2021-11-23,192.15,0
2021-11-24,182.37,0
2021-11-25,181.59,0
2021-11-26,188.61,0
2021-11-27,181.14,0
2021-11-28,182.58,0
2021-11-29,178.77,0
2021-11-30,212.66,1
2021-12-01,175.77,0
2021-12-02,179.45,0
2021-12-03,176.84,0
2021-12-04,172.99,0
2021-12-05,169.6,0
2021-12-06,173.88,0
2021-12-07,176.31,0
2021-12-08,175.1,0
2021-12-09,173.2,0
2021-12-10,170.88,0
2021-12-11,168.49,0
2021-12-12,170.49,0
2021-12-13,175.37,0
2021-12-14,173.84,0
2021-12-15,167.05,0
2021-12-16,161.2,0
2021-12-17,173.91,0
2021-12-18,167.55,0
2021-12-19,164.65,0
2021-12-20,163.54,0
2021-12-21,172.89,0
2021-12-22,165.04,0
2021-12-23,166.41,0
2021-12-24,166.16,0
2021-12-25,168.66,0
2021-12-26,174.03,0
2021-12-27,176.04,0
2021-12-28,182.41,0
2021-12-29,180.89,0
2021-12-30,182.56,0
2021-12-31,214.53,1
2022-01-01,176.36,0
2022-01-02,182.17,0
2022-01-03,187.24,0
2022-01-04,184.23,0
2022-01-05,187.8,0
2022-01-06,181.66,0
2022-01-07,189.11,0
2022-01-08,193.8,0
2022-01-09,195.12,0
2022-01-10,187.46,0
2022-01-11,189.65,0
2022-01-12,191.34,0
2022-01-13,190.29,0
2022-01-14,191.66,0
2022-01-15,185.37,0
2022-01-16,195.22,0
2022-01-17,194.69,0
2022-01-18,190.29,0
2022-01-19,197.11,0
2022-01-20,194.24,0
2022-01-21,190.4,0
2022-01-22,188.9,0
2022-01-23,191.99,0
2022-01-24,186.45,0
2022-01-25,193.08,0
2022-01-26,185.29,0
2022-01-27,188.15,0
2022-01-28,188.44,0
2022-01-29,180.62,0
2022-01-30,183.6,0
2022-01-31,220.88,1
2022-02-01,184.54,0
2022-02-02,185.5,0
2022-02-03,177.73,0
2022-02-04,182.04,0
2022-02-05,166.96,0
2022-02-06,178.32,0
2022-02-07,178.91,0
2022-02-08,170.34,0
2022-02-09,171.4,0
2022-02-10,176.88,0
2022-02-11,173.84,0
2022-02-12,169.83,0
2022-02-13,171.0,0
2022-02-14,166.51,0
2022-02-15,167.82,0
2022-02-16,166.87,0
2022-02-17,170.01,0
2022-02-18,172.73,0
2022-02-19,166.06,0
2022-02-20,169.64,0
2022-02-21,170.65,0
2022-02-22,171.24,0
2022-02-23,173.52,0
2022-02-24,177.12,0
2022-02-25,168.84,0
2022-02-26,180.33,0
2022-02-27,175.05,0
2022-02-28,217.93,1
2022-03-01,179.11,0
2022-03-02,181.09,0
2022-03-03,181.15,0
2022-03-04,177.52,0
2022-03-05,180.17,0
2022-03-06,182.6,0
2022-03-07,194.38,0
2022-03-08,187.29,0
2022-03-09,186.35,0
2022-03-10,194.57,0
2022-03-11,191.51,0
2022-03-12,197.91,0
2022-03-13,196.72,0
2022-03-14,193.42,0
2022-03-15,188.45,0
2022-03-16,195.99,0
2022-03-17,198.35,0
2022-03-18,192.36,0
2022-03-19,202.32,0
2022-03-20,187.32,0
2022-03-21,194.7,0
2022-03-22,198.2,0
2022-03-23,198.99,0
2022-03-24,193.76,0
2022-03-25,190.1,0
2022-03-26,189.87,0
2022-03-27,201.43,0
2022-03-28,186.01,0
2022-03-29,197.64,0
2022-03-30,189.3,0
2022-03-31,225.65,1
2022-04-01,190.81,0
2022-04-02,183.91,0
2022-04-03,185.67,0
2022-04-04,180.66,0
2022-04-05,183.92,0
2022-04-06,181.85,0
2022-04-07,185.22,0
2022-04-08,178.26,0
2022-04-09,182.68,0
2022-04-10,173.67,0
2022-04-11,174.31,0
2022-04-12,178.62,0
2022-04-13,180.23,0
2022-04-14,174.83,0
2022-04-15,169.73,0
2022-04-16,173.38,0
2022-04-17,166.9,0
2022-04-18,167.25,0
2022-04-19,167.84,0
2022-04-20,178.84,0
2022-04-21,176.09,0
2022-04-22,175.07,0
2022-04-23,177.96,0
2022-04-24,176.43,0
2022-04-25,178.45,0
2022-04-26,175.7,0
2022-04-27,175.61,0
2022-04-28,177.17,0
2022-04-29,187.32,0
2022-04-30,218.86,1
2022-05-01,180.45,0
2022-05-02,181.71,0
2022-05-03,181.57,0
2022-05-04,185.21,0
2022-05-05,185.57,0
2022-05-06,197.35,0
2022-05-07,196.25,0
2022-05-08,195.01,0
2022-05-09,197.14,0
2022-05-10,198.27,0
2022-05-11,202.49,0
2022-05-12,194.24,0
2022-05-13,199.55,0
2022-05-14,192.18,0
2022-05-15,202.77,0
2022-05-16,206.67,0
2022-05-17,202.44,0
2022-05-18,197.81,0
2022-05-19,203.23,0
2022-05-20,204.58,0
2022-05-21,193.66,0
2022-05-22,198.36,0
2022-05-23,195.59,0
2022-05-24,201.4,0
2022-05-25,188.82,0
2022-05-26,194.83,0
2022-05-27,200.11,0
2022-05-28,195.19,0
2022-05-29,188.62,0
2022-05-30,193.8,0
2022-05-31,226.19,1
2022-06-01,193.74,0
2022-06-02,190.8,0
2022-06-03,186.3,0
2022-06-04,183.45,0
2022-06-05,187.24,0
2022-06-06,184.33,0
2022-06-07,184.43,0
2022-06-08,177.39,0
2022-06-09,176.69,0
2022-06-10,177.95,0
2022-06-11,179.92,0
2022-06-12,174.29,0
2022-06-13,183.48,0
2022-06-14,174.6,0
2022-06-15,175.97,0
2022-06-16,178.59,0
2022-06-17,172.51,0
2022-06-18,175.53,0
2022-06-19,171.05,0
2022-06-20,179.77,0
2022-06-21,172.6,0
2022-06-22,180.61,0
2022-06-23,181.73,0
2022-06-24,179.18,0
2022-06-25,175.43,0
2022-06-26,179.33,0
2022-06-27,183.08,0
2022-06-28,177.01,0
2022-06-29,182.66,0
2022-06-30,221.24,1
2022-07-01,188.26,0
2022-07-02,193.66,0
2022-07-03,191.18,0
2022-07-04,182.51,0
2022-07-05,191.16,0
2022-07-06,194.97,0
2022-07-07,194.29,0
2022-07-08,194.25,0
2022-07-09,198.53,0
2022-07-10,198.21,0
2022-07-11,198.0,0
2022-07-12,202.67,0
2022-07-13,204.44,0
2022-07-14,199.86,0
2022-07-15,195.18,0
2022-07-16,201.28,0
2022-07-17,203.1,0
2022-07-18,196.52,0
2022-07-19,206.34,0
2022-07-20,199.66,0
2022-07-21,201.75,0
2022-07-22,201.08,0
2022-07-23,204.11,0
2022-07-24,196.74,0
2022-07-25,199.77,0
2022-07-26,199.94,0
2022-07-27,192.26,0
2022-07-28,193.92,0
2022-07-29,197.69,0
2022-07-30,192.88,0
2022-07-31,234.8,1
2022-08-01,199.08,0
2022-08-02,192.52,0
2022-08-03,189.92,0
2022-08-04,190.89,0
2022-08-05,181.91,0
2022-08-06,189.8,0
2022-08-07,185.37,0
2022-08-08,188.65,0
2022-08-09,188.85,0
2022-08-10,179.14,0
2022-08-11,178.45,0
2022-08-12,189.05,0
2022-08-13,187.08,0
2022-08-14,180.63,0
2022-08-15,171.6,0
2022-08-16,179.8,0
2022-08-17,177.88,0
2022-08-18,180.22,0
2022-08-19,182.92,0
2022-08-20,180.95,0
2022-08-21,183.49,0
2022-08-22,177.39,0
2022-08-23,181.4,0
2022-08-24,177.99,0
2022-08-25,184.41,0
2022-08-26,180.29,0
2022-08-27,188.2,0
2022-08-28,191.95,0
2022-08-29,188.69,0
2022-08-30,191.16,0
2022-08-31,221.39,1
2022-09-01,184.81,0
2022-09-02,197.86,0
2022-09-03,193.46,0
2022-09-04,199.04,0
2022-09-05,194.28,0
2022-09-06,195.94,0
2022-09-07,202.67,0
2022-09-08,203.35,0
2022-09-09,195.05,0
2022-09-10,192.56,0
2022-09-11,208.4,0
2022-09-12,202.61,0
2022-09-13,205.67,0
2022-09-14,201.21,0
2022-09-15,206.8,0
2022-09-16,203.02,0
2022-09-17,199.74,0
2022-09-18,210.88,0
2022-09-19,203.78,0
2022-09-20,204.08,0
2022-09-21,198.76,0
2022-09-22,203.4,0
2022-09-23,203.44,0
2022-09-24,210.31,0
2022-09-25,204.33,0
2022-09-26,196.93,0
2022-09-27,198.03,0
2022-09-28,211.29,0
2022-09-29,187.57,0
2022-09-30,226.12,1
2022-10-01,197.45,0
2022-10-02,192.91,0
2022-10-03,200.16,0
2022-10-04,192.87,0
2022-10-05,188.5,0
2022-10-06,190.31,0
2022-10-07,188.4,0
2022-10-08,182.76,0
2022-10-09,183.67,0
2022-10-10,186.6,0
2022-10-11,173.12,0
2022-10-12,186.07,0
2022-10-13,183.58,0
2022-10-14,185.29,0
2022-10-15,184.67,0
2022-10-16,183.15,0
2022-10-17,181.18,0
2022-10-18,182.08,0
2022-10-19,186.03,0
2022-10-20,185.88,0
2022-10-21,180.8,0
2022-10-22,186.36,0
2022-10-23,177.04,0
2022-10-24,181.77,0
2022-10-25,178.25,0
2022-10-26,187.72,0
2022-10-27,184.53,0
2022-10-28,185.87,0
2022-10-29,190.21,0
2022-10-30,192.93,0
2022-10-31,218.86,1
2022-11-01,189.33,0
2022-11-02,195.01,0
2022-11-03,200.25,0
2022-11-04,203.11,0
2022-11-05,197.9,0
2022-11-06,202.58,0
2022-11-07,197.08,0
2022-11-08,198.62,0
2022-11-09,203.31,0
2022-11-10,203.27,0
2022-11-11,201.62,0
2022-11-12,204.04,0
2022-11-13,206.53,0
2022-11-14,204.27,0
2022-11-15,205.85,0
2022-11-16,209.04,0
2022-11-17,208.47,0
2022-11-18,205.2,0
2022-11-19,206.63,0
2022-11-20,201.44,0
2022-11-21,211.2,0
2022-11-22,214.9,0
2022-11-23,204.2,0
2022-11-24,205.15,0
2022-11-25,207.36,0
2022-11-26,202.55,0
2022-11-27,205.89,0
2022-11-28,202.13,0
2022-11-29,198.24,0
2022-11-30,233.98,1
2022-12-01,193.23,0
2022-12-02,201.89,0
2022-12-03,200.6,0
2022-12-04,192.33,0
2022-12-05,190.51,0
2022-12-06,199.36,0
2022-12-07,190.28,0
2022-12-08,189.47,0
2022-12-09,181.81,0
2022-12-10,183.25,0
2022-12-11,185.17,0
2022-12-12,181.69,0
2022-12-13,184.99,0
2022-12-14,188.22,0
2022-12-15,183.85,0
2022-12-16,189.0,0
2022-12-17,185.9,0
2022-12-18,188.64,0
2022-12-19,192.67,0
2022-12-20,194.29,0
2022-12-21,178.32,0
2022-12-22,194.67,0
2022-12-23,181.33,0
2022-12-24,192.35,0
2022-12-25,186.07,0
2022-12-26,184.57,0
2022-12-27,182.9,0
2022-12-28,187.48,0
2022-12-29,186.75,0
2022-12-30,193.47,0
2022-12-31,234.14,1
2023-01-01,198.72,0
2023-01-02,194.84,0
2023-01-03,200.15,0
2023-01-04,194.52,0
2023-01-05,200.51,0
2023-01-06,203.98,0
2023-01-07,195.62,0
2023-01-08,212.87,0
2023-01-09,208.47,0
2023-01-10,205.19,0
2023-01-11,207.61,0
2023-01-12,209.95,0
2023-01-13,205.28,0
2023-01-14,207.99,0
2023-01-15,203.31,0
2023-01-16,213.03,0
2023-01-17,209.57,0
2023-01-18,208.07,0
2023-01-19,210.85,0
2023-01-20,209.37,0
2023-01-21,207.97,0
2023-01-22,206.91,0
2023-01-23,206.23,0
2023-01-24,204.75,0
2023-01-25,204.68,0
2023-01-26,206.37,0
2023-01-27,205.97,0
2023-01-28,205.02,0
2023-01-29,204.01,0
2023-01-30,204.74,0
2023-01-31,237.38,1
2023-02-01,198.86,0
2023-02-02,192.1,0
2023-02-03,200.35,0
2023-02-04,194.67,0
2023-02-05,192.32,0
2023-02-06,198.01,0
2023-02-07,194.17,0
2023-02-08,189.86,0
2023-02-09,191.03,0
2023-02-10,190.55,0
2023-02-11,190.11,0
2023-02-12,193.82,0
2023-02-13,185.83,0
2023-02-14,190.24,0
2023-02-15,183.28,0
2023-02-16,188.06,0
2023-02-17,184.96,0
2023-02-18,190.23,0
2023-02-19,187.18,0
2023-02-20,194.89,0
2023-02-21,187.29,0
2023-02-22,194.63,0
2023-02-23,184.75,0
2023-02-24,197.93,0
2023-02-25,196.78,0
2023-02-26,194.54,0
2023-02-27,190.2,0
2023-02-28,232.7,1
2023-03-01,195.54,0
2023-03-02,198.37,0
2023-03-03,201.67,0
2023-03-04,192.92,0
2023-03-05,198.51,0
2023-03-06,199.85,0
2023-03-07,205.45,0
2023-03-08,211.62,0
2023-03-09,200.67,0
2023-03-10,211.19,0
2023-03-11,205.48,0
2023-03-12,213.12,0
2023-03-13,205.96,0
2023-03-14,211.25,0
2023-03-15,211.05,0
2023-03-16,211.42,0
2023-03-17,220.15,0
2023-03-18,212.4,0
2023-03-19,214.23,0
2023-03-20,214.51,0
2023-03-21,213.21,0
2023-03-22,215.94,0
2023-03-23,218.82,0
2023-03-24,215.9,0
2023-03-25,202.29,0
2023-03-26,211.87,0
2023-03-27,213.4,0
2023-03-28,206.6,0
2023-03-29,211.75,0
2023-03-30,207.72,0
2023-03-31,245.92,1
2023-04-01,201.15,0
2023-04-02,204.37,0
2023-04-03,205.85,0
2023-04-04,205.13,0
2023-04-05,198.36,0
2023-04-06,193.0,0
2023-04-07,199.35,0
2023-04-08,200.59,0
2023-04-09,192.42,0
2023-04-10,197.64,0
2023-04-11,195.69,0
2023-04-12,189.17,0
2023-04-13,191.97,0
2023-04-14,193.5,0
2023-04-15,194.43,0
2023-04-16,192.86,0
2023-04-17,190.7,0
2023-04-18,188.79,0
2023-04-19,192.13,0
2023-04-20,190.06,0
2023-04-21,190.03,0
2023-04-22,189.48,0
2023-04-23,196.16,0
2023-04-24,192.92,0
2023-04-25,195.01,0
2023-04-26,193.19,0
2023-04-27,192.46,0
2023-04-28,193.4,0
2023-04-29,199.13,0
2023-04-30,232.69,1
2023-05-01,199.12,0
2023-05-02,204.72,0
2023-05-03,204.13,0
2023-05-04,203.37,0
2023-05-05,197.29,0
2023-05-06,207.27,0
2023-05-07,207.66,0
2023-05-08,215.24,0
2023-05-09,217.94,0
2023-05-10,205.33,0
2023-05-11,207.67,0
2023-05-12,206.55,0
2023-05-13,213.9,0
2023-05-14,212.89,0
2023-05-15,220.32,0
2023-05-16,217.72,0
2023-05-17,214.94,0
2023-05-18,210.13,0
2023-05-19,215.89,0
2023-05-20,223.71,0
2023-05-21,218.62,0
2023-05-22,225.42,0
2023-05-23,216.79,0
2023-05-24,219.23,0
2023-05-25,219.41,0
2023-05-26,207.1,0
2023-05-27,213.21,0
2023-05-28,212.67,0
2023-05-29,211.79,0
2023-05-30,213.99,0
2023-05-31,244.29,1
2023-06-01,200.6,0
2023-06-02,203.98,0
2023-06-03,206.36,0
2023-06-04,199.88,0
2023-06-05,200.78,0
2023-06-06,198.84,0
2023-06-07,202.97,0
2023-06-08,200.09,0
2023-06-09,196.91,0
2023-06-10,192.28,0
2023-06-11,200.63,0
2023-06-12,198.36,0
2023-06-13,190.58,0
2023-06-14,191.82,0
2023-06-15,187.08,0
2023-06-16,193.62,0
2023-06-17,197.13,0
2023-06-18,189.05,0
2023-06-19,192.77,0
2023-06-20,193.59,0
2023-06-21,189.6,0
2023-06-22,184.19,0
2023-06-23,192.55,0
2023-06-24,199.88,0
2023-06-25,199.75,0
2023-06-26,197.27,0
2023-06-27,195.67,0
2023-06-28,203.32,0
2023-06-29,204.61,0
2023-06-30,237.74,1
2023-07-01,199.33,0
2023-07-02,201.95,0
2023-07-03,205.81,0
2023-07-04,210.97,0
2023-07-05,202.73,0
2023-07-06,200.35,0
2023-07-07,202.5,0
2023-07-08,206.53,0
2023-07-09,216.07,0
2023-07-10,213.49,0
2023-07-11,223.02,0
2023-07-12,214.48,0
2023-07-13,216.06,0
2023-07-14,226.33,0
2023-07-15,217.45,0
2023-07-16,219.51,0
2023-07-17,219.35,0
2023-07-18,222.43,0
2023-07-19,213.41,0
2023-07-20,228.67,0
2023-07-21,219.66,0
2023-07-22,213.26,0
2023-07-23,217.42,0
2023-07-24,224.2,0
2023-07-25,216.52,0
2023-07-26,218.06,0
2023-07-27,208.6,0
2023-07-28,215.33,0
2023-07-29,214.43,0
2023-07-30,208.96,0
2023-07-31,253.57,1
2023-08-01,213.8,0
2023-08-02,208.74,0
2023-08-03,204.63,0
2023-08-04,201.96,0
2023-08-05,202.88,0
2023-08-06,203.27,0
2023-08-07,208.8,0
2023-08-08,205.16,0
2023-08-09,195.9,0
2023-08-10,198.54,0
2023-08-11,200.13,0
2023-08-12,199.57,0
2023-08-13,194.89,0
2023-08-14,193.91,0
2023-08-15,201.57,0
2023-08-16,198.69,0
2023-08-17,201.13,0
2023-08-18,196.97,0
2023-08-19,201.72,0
2023-08-20,194.68,0
2023-08-21,194.56,0
2023-08-22,201.45,0
2023-08-23,195.11,0
2023-08-24,196.83,0
2023-08-25,199.19,0
2023-08-26,196.17,0
2023-08-27,199.64,0
2023-08-28,205.89,0
2023-08-29,206.95,0
2023-08-30,207.91,0
2023-08-31,237.66,1
2023-09-01,215.77,0
2023-09-02,210.88,0
2023-09-03,214.15,0
2023-09-04,206.58,0
2023-09-05,208.34,0
2023-09-06,208.56,0
2023-09-07,214.09,0
2023-09-08,217.66,0
2023-09-09,217.85,0
2023-09-10,214.94,0
2023-09-11,221.04,0
2023-09-12,223.23,0
2023-09-13,226.28,0
2023-09-14,219.49,0
2023-09-15,219.84,0
2023-09-16,219.39,0
2023-09-17,217.39,0
2023-09-18,229.08,0
2023-09-19,219.48,0
2023-09-20,220.87,0
2023-09-21,220.45,0
2023-09-22,225.7,0
2023-09-23,216.67,0
2023-09-24,216.22,0
2023-09-25,221.98,0
2023-09-26,215.38,0
2023-09-27,216.25,0
2023-09-28,214.83,0
2023-09-29,217.9,0
2023-09-30,257.49,1
2023-10-01,211.13,0
2023-10-02,207.41,0
2023-10-03,204.58,0
2023-10-04,211.4,0
2023-10-05,205.52,0
2023-10-06,205.2,0
2023-10-07,202.77,0
2023-10-08,197.87,0
2023-10-09,199.86,0
2023-10-10,215.04,0
2023-10-11,198.25,0
2023-10-12,203.93,0
2023-10-13,201.13,0
2023-10-14,201.74,0
2023-10-15,195.09,0
2023-10-16,192.92,0
2023-10-17,202.35,0
2023-10-18,196.27,0
2023-10-19,206.4,0
2023-10-20,203.19,0
2023-10-21,196.05,0
2023-10-22,196.91,0
2023-10-23,196.31,0
2023-10-24,198.08,0
2023-10-25,196.98,0
2023-10-26,206.76,0
2023-10-27,209.31,0
2023-10-28,199.3,0
2023-10-29,203.36,0
2023-10-30,208.96,0
2023-10-31,241.49,1
2023-11-01,214.7,0
2023-11-02,209.34,0
2023-11-03,211.43,0
2023-11-04,214.5,0
2023-11-05,214.97,0
2023-11-06,218.41,0
2023-11-07,215.57,0
2023-11-08,217.24,0
2023-11-09,225.4,0
2023-11-10,218.8,0
2023-11-11,225.99,0
2023-11-12,222.5,0
2023-11-13,226.74,0
2023-11-14,229.1,0
2023-11-15,229.11,0
2023-11-16,224.79,0
2023-11-17,226.66,0
2023-11-18,219.85,0
2023-11-19,221.02,0
2023-11-20,223.02,0
2023-11-21,219.27,0
2023-11-22,226.74,0
2023-11-23,219.89,0
2023-11-24,223.66,0
2023-11-25,225.29,0
2023-11-26,215.99,0
2023-11-27,221.53,0
2023-11-28,220.13,0
2023-11-29,210.15,0
2023-11-30,250.11,1
2023-12-01,208.38,0
2023-12-02,217.72,0
2023-12-03,216.25,0
2023-12-04,215.06,0
2023-12-05,204.39,0
2023-12-06,202.71,0
2023-12-07,216.1,0
2023-12-08,206.74,0
2023-12-09,204.57,0
2023-12-10,203.49,0
2023-12-11,206.1,0
2023-12-12,204.39,0
2023-12-13,204.59,0
2023-12-14,201.9,0
2023-12-15,191.23,0
2023-12-16,205.41,0
2023-12-17,201.67,0
2023-12-18,207.57,0
2023-12-19,196.4,0
2023-12-20,196.97,0
2023-12-21,204.63,0
2023-12-22,207.17,0
2023-12-23,199.34,0
2023-12-24,210.73,0
2023-12-25,205.8,0
2023-12-26,213.43,0
2023-12-27,199.35,0
2023-12-28,205.45,0
2023-12-29,202.91,0
2023-12-30,213.9,0
2023-12-31,252.07,1
2024-01-01,211.74,0
2024-01-02,213.54,0
2024-01-03,209.82,0
2024-01-04,213.6,0
2024-01-05,215.24,0
2024-01-06,217.65,0
2024-01-07,219.72,0
2024-01-08,217.62,0
2024-01-09,215.18,0
2024-01-10,222.83,0
2024-01-11,222.38,0
2024-01-12,217.71,0
2024-01-13,227.65,0
2024-01-14,227.58,0
2024-01-15,227.48,0
2024-01-16,224.41,0
2024-01-17,221.44,0
2024-01-18,222.2,0
2024-01-19,229.94,0
2024-01-20,231.25,0
2024-01-21,229.76,0
2024-01-22,226.94,0
2024-01-23,230.37,0
2024-01-24,221.21,0
2024-01-25,224.86,0
2024-01-26,221.01,0
2024-01-27,222.92,0
2024-01-28,227.17,0
2024-01-29,222.38,0
2024-01-30,220.35,0
2024-01-31,253.47,1
2024-02-01,214.29,0
2024-02-02,220.21,0
2024-02-03,219.91,0
2024-02-04,209.62,0
2024-02-05,210.26,0
2024-02-06,214.31,0
2024-02-07,217.3,0
2024-02-08,202.55,0
2024-02-09,215.43,0
2024-02-10,213.33,0
2024-02-11,209.41,0
2024-02-12,212.43,0
2024-02-13,201.16,0
2024-02-14,206.33,0
2024-02-15,201.82,0
2024-02-16,207.39,0
2024-02-17,202.6,0
2024-02-18,215.52,0
2024-02-19,209.11,0
2024-02-20,207.91,0
2024-02-21,210.07,0
2024-02-22,202.96,0
2024-02-23,211.47,0
2024-02-24,214.82,0
2024-02-25,202.37,0
2024-02-26,208.08,0
2024-02-27,210.76,0
2024-02-28,210.78,0
2024-02-29,245.1,1
2024-03-01,219.45,0
2024-03-02,216.69,0
2024-03-03,223.4,0
2024-03-04,222.77,0
2024-03-05,214.95,0
2024-03-06,217.41,0
2024-03-07,219.46,0
2024-03-08,226.89,0
2024-03-09,221.17,0
2024-03-10,228.08,0
2024-03-11,225.65,0
2024-03-12,226.18,0
2024-03-13,238.33,0
2024-03-14,223.66,0
2024-03-15,235.02,0
2024-03-16,231.22,0
2024-03-17,231.21,0
2024-03-18,225.77,0
2024-03-19,229.49,0
2024-03-20,229.21,0
2024-03-21,230.88,0
2024-03-22,228.1,0
2024-03-23,231.54,0
2024-03-24,229.67,0
2024-03-25,233.09,0
2024-03-26,228.3,0
2024-03-27,230.17,0
2024-03-28,232.17,0
2024-03-29,229.74,0
2024-03-30,223.71,0
2024-03-31,260.02,1
2024-04-01,218.89,0
2024-04-02,215.66,0
2024-04-03,220.41,0
2024-04-04,217.96,0
2024-04-05,215.79,0
2024-04-06,226.25,0
2024-04-07,215.58,0
2024-04-08,217.41,0
2024-04-09,214.66,0
2024-04-10,218.59,0
2024-04-11,214.97,0
2024-04-12,207.97,0
2024-04-13,211.78,0
2024-04-14,201.66,0
2024-04-15,214.4,0
2024-04-16,206.77,0
2024-04-17,206.37,0
2024-04-18,210.01,0
2024-04-19,203.55,0
2024-04-20,210.38,0
2024-04-21,202.59,0
2024-04-22,207.58,0
2024-04-23,206.02,0
2024-04-24,210.62,0
2024-04-25,207.37,0
2024-04-26,210.63,0
2024-04-27,206.51,0
2024-04-28,215.79,0
2024-04-29,214.72,0
2024-04-30,255.46,1
2024-05-01,217.85,0
2024-05-02,216.01,0
2024-05-03,215.5,0
2024-05-04,220.49,0
2024-05-05,224.64,0
2024-05-06,225.51,0
2024-05-07,227.48,0
2024-05-08,224.51,0
2024-05-09,221.83,0
2024-05-10,235.22,0
2024-05-11,230.77,0
2024-05-12,230.69,0
2024-05-13,232.38,0
2024-05-14,235.46,0
2024-05-15,231.3,0
2024-05-16,232.27,0
2024-05-17,226.08,0
2024-05-18,234.61,0
2024-05-19,238.82,0
2024-05-20,225.7,0
2024-05-21,234.27,0
2024-05-22,232.08,0
2024-05-23,239.69,0
2024-05-24,237.73,0
2024-05-25,229.33,0
2024-05-26,230.45,0
2024-05-27,228.9,0
2024-05-28,229.4,0
2024-05-29,231.32,0
2024-05-30,219.56,0
2024-05-31,257.93,1
2024-06-01,217.56,0
2024-06-02,229.45,0
2024-06-03,221.74,0
2024-06-04,214.94,0
2024-06-05,221.64,0
2024-06-06,220.98,0
2024-06-07,217.44,0
2024-06-08,221.17,0
2024-06-09,219.33,0
2024-06-10,220.51,0
2024-06-11,216.73,0
2024-06-12,209.24,0
2024-06-13,201.46,0
2024-06-14,216.65,0
2024-06-15,213.85,0
2024-06-16,209.93,0
2024-06-17,210.19,0
2024-06-18,205.91,0
2024-06-19,206.99,0
2024-06-20,217.06,0
2024-06-21,208.41,0
2024-06-22,203.56,0
2024-06-23,214.25,0
2024-06-24,213.04,0
2024-06-25,213.67,0
2024-06-26,216.92,0
2024-06-27,215.52,0
2024-06-28,220.78,0
2024-06-29,221.44,0
2024-06-30,258.87,1
2024-07-01,216.23,0
2024-07-02,224.72,0
2024-07-03,222.43,0
2024-07-04,228.38,0
2024-07-05,231.16,0
2024-07-06,221.9,0
2024-07-07,229.64,0
2024-07-08,229.44,0
2024-07-09,229.62,0
2024-07-10,227.01,0
2024-07-11,240.08,0
2024-07-12,231.9,0
2024-07-13,234.34,0
2024-07-14,231.81,0
2024-07-15,232.81,0
2024-07-16,230.68,0
2024-07-17,230.91,0
2024-07-18,234.02,0
2024-07-19,235.75,0
2024-07-20,235.67,0
2024-07-21,235.66,0
2024-07-22,226.7,0
2024-07-23,228.48,0
2024-07-24,235.04,0
2024-07-25,230.59,0
2024-07-26,233.14,0
2024-07-27,231.04,0
2024-07-28,235.19,0
2024-07-29,233.72,0
2024-07-30,231.14,0
2024-07-31,259.76,1
2024-08-01,229.28,0
2024-08-02,228.6,0
2024-08-03,224.62,0
2024-08-04,222.28,0
2024-08-05,216.93,0
2024-08-06,216.85,0
2024-08-07,212.59,0
2024-08-08,225.17,0
2024-08-09,227.08,0
2024-08-10,214.31,0
2024-08-11,219.02,0
2024-08-12,211.26,0
2024-08-13,214.68,0
2024-08-14,218.49,0
2024-08-15,208.91,0
2024-08-16,221.25,0
2024-08-17,206.9,0
2024-08-18,211.71,0
2024-08-19,210.77,0
2024-08-20,226.14,0
2024-08-21,214.9,0
2024-08-22,217.08,0
2024-08-23,214.16,0
2024-08-24,208.61,0
2024-08-25,222.92,0
2024-08-26,223.47,0
2024-08-27,214.97,0
2024-08-28,219.03,0
2024-08-29,225.07,0
2024-08-30,220.54,0
2024-08-31,257.86,1
2024-09-01,227.69,0
2024-09-02,222.73,0
2024-09-03,228.44,0
2024-09-04,232.82,0
2024-09-05,233.24,0
2024-09-06,233.79,0
2024-09-07,233.82,0
2024-09-08,229.7,0
2024-09-09,235.49,0
2024-09-10,245.08,0
2024-09-11,238.84,0
2024-09-12,237.2,0
2024-09-13,239.27,0
2024-09-14,236.01,0
2024-09-15,237.49,0
2024-09-16,233.89,0
2024-09-17,235.95,0
2024-09-18,244.54,0
2024-09-19,237.33,0
2024-09-20,241.24,0
2024-09-21,242.24,0
2024-09-22,233.67,0
2024-09-23,238.66,0
2024-09-24,237.13,0
2024-09-25,233.77,0
2024-09-26,227.19,0
2024-09-27,238.92,0
2024-09-28,236.88,0
2024-09-29,234.92,0
2024-09-30,266.89,1
2024-10-01,228.63,0
2024-10-02,223.82,0
2024-10-03,229.57,0
2024-10-04,226.78,0
2024-10-05,223.78,0
2024-10-06,232.68,0
2024-10-07,221.98,0
2024-10-08,217.69,0
2024-10-09,221.14,0
2024-10-10,226.41,0
2024-10-11,217.89,0
2024-10-12,222.16,0
2024-10-13,220.19,0
2024-10-14,214.08,0
2024-10-15,223.13,0
2024-10-16,221.85,0
2024-10-17,212.36,0
2024-10-18,221.5,0
2024-10-19,221.16,0
2024-10-20,213.55,0
2024-10-21,217.65,0
2024-10-22,217.23,0
2024-10-23,218.25,0
2024-10-24,226.35,0
2024-10-25,222.22,0
2024-10-26,219.01,0
2024-10-27,225.16,0
2024-10-28,224.05,0
2024-10-29,230.32,0
2024-10-30,223.0,0
2024-10-31,262.32,1
2024-11-01,230.05,0
2024-11-02,232.94,0
2024-11-03,232.25,0
2024-11-04,229.79,0
2024-11-05,238.86,0
2024-11-06,236.75,0
2024-11-07,239.79,0
2024-11-08,234.62,0
2024-11-09,234.6,0
2024-11-10,233.68,0
2024-11-11,240.61,0
2024-11-12,243.48,0
2024-11-13,241.59,0
2024-11-14,239.32,0
2024-11-15,243.37,0
2024-11-16,234.36,0
2024-11-17,238.13,0
2024-11-18,242.14,0
2024-11-19,242.41,0
2024-11-20,241.8,0
2024-11-21,245.66,0
2024-11-22,236.03,0
2024-11-23,240.04,0
2024-11-24,238.35,0
2024-11-25,238.85,0
2024-11-26,240.19,0
2024-11-27,232.21,0
2024-11-28,242.75,0
2024-11-29,235.42,0
2024-11-30,271.69,1
2024-12-01,236.72,0
2024-12-02,230.28,0
2024-12-03,228.64,0
2024-12-04,227.43,0
2024-12-05,227.83,0
2024-12-06,224.02,0
2024-12-07,231.61,0
2024-12-08,223.93,0
2024-12-09,221.38,0
2024-12-10,229.67,0
2024-12-11,226.65,0
2024-12-12,222.6,0
2024-12-13,223.66,0
2024-12-14,221.56,0
2024-12-15,223.16,0
2024-12-16,221.92,0
2024-12-17,225.16,0
2024-12-18,217.77,0
2024-12-19,220.68,0
2024-12-20,220.54,0
2024-12-21,216.71,0
2024-12-22,223.97,0
2024-12-23,225.05,0
2024-12-24,218.04,0
2024-12-25,227.36,0
2024-12-26,222.09,0
2024-12-27,220.69,0
2024-12-28,225.1,0
2024-12-29,223.7,0
2024-12-30,228.0,0
2024-12-31,267.02,1
2025-01-01,237.19,0
2025-01-02,232.64,0
2025-01-03,235.5,0
2025-01-04,224.25,0
2025-01-05,237.12,0
2025-01-06,244.97,0
2025-01-07,230.37,0
2025-01-08,231.84,0
2025-01-09,239.73,0
2025-01-10,250.38,0
2025-01-11,236.36,0
2025-01-12,244.52,0
2025-01-13,243.64,0
2025-01-14,239.9,0
2025-01-15,247.65,0
2025-01-16,246.17,0
2025-01-17,245.98,0
2025-01-18,245.69,0
2025-01-19,242.96,0
2025-01-20,249.67,0
2025-01-21,240.13,0
2025-01-22,248.61,0
2025-01-23,243.19,0
2025-01-24,243.44,0
2025-01-25,236.4,0
2025-01-26,241.15,0
2025-01-27,244.9,0
2025-01-28,241.34,0
2025-01-29,239.32,0
2025-01-30,232.49,0
2025-01-31,265.26,1
2025-02-01,238.25,0
2025-02-02,242.44,0
2025-02-03,240.44,0
2025-02-04,223.64,0
2025-02-05,225.74,0
2025-02-06,228.65,0
2025-02-07,225.68,0
2025-02-08,231.29,0
2025-02-09,225.73,0
2025-02-10,225.55,0
2025-02-11,230.74,0
2025-02-12,226.19,0
2025-02-13,218.11,0
2025-02-14,220.99,0
2025-02-15,220.05,0
2025-02-16,220.29,0
2025-02-17,217.91,0
2025-02-18,227.7,0
2025-02-19,221.15,0
2025-02-20,229.78,0
2025-02-21,223.42,0
2025-02-22,228.06,0
2025-02-23,224.34,0
2025-02-24,230.76,0
2025-02-25,228.98,0
2025-02-26,224.95,0
2025-02-27,226.56,0
2025-02-28,265.82,1
2025-03-01,236.62,0
2025-03-02,235.04,0
2025-03-03,232.64,0
2025-03-04,231.5,0
2025-03-05,238.64,0
2025-03-06,243.24,0
2025-03-07,238.33,0
2025-03-08,242.46,0
2025-03-09,241.17,0
2025-03-10,244.19,0
2025-03-11,244.72,0
2025-03-12,242.6,0
2025-03-13,248.14,0
2025-03-14,241.86,0
2025-03-15,252.67,0
2025-03-16,250.74,0
2025-03-17,250.16,0
2025-03-18,246.25,0
2025-03-19,254.77,0
2025-03-20,240.72,0
2025-03-21,245.81,0
2025-03-22,249.7,0
2025-03-23,243.09,0
2025-03-24,254.07,0
2025-03-25,247.52,0
2025-03-26,248.89,0
2025-03-27,244.07,0
2025-03-28,242.29,0
2025-03-29,238.21,0
2025-03-30,239.63,0
2025-03-31,279.31,1
2025-04-01,244.26,0
2025-04-02,238.48,0
2025-04-03,246.22,0
2025-04-04,236.1,0
2025-04-05,234.77,0
2025-04-06,235.53,0
2025-04-07,235.51,0
2025-04-08,238.9,0
2025-04-09,237.58,0
2025-04-10,232.95,0
2025-04-11,228.28,0
2025-04-12,232.16,0
2025-04-13,228.81,0
2025-04-14,225.69,0
2025-04-15,227.28,0
2025-04-16,225.26,0
2025-04-17,223.59,0
2025-04-18,221.05,0
2025-04-19,222.86,0
2025-04-20,227.81,0
2025-04-21,222.02,0
2025-04-22,223.56,0
2025-04-23,225.1,0
2025-04-24,222.64,0
2025-04-25,232.28,0
2025-04-26,224.32,0
2025-04-27,232.38,0
2025-04-28,230.95,0
2025-04-29,230.3,0
2025-04-30,259.71,1
2025-05-01,235.04,0
2025-05-02,242.64,0
2025-05-03,237.76,0
2025-05-04,238.65,0
2025-05-05,243.33,0
2025-05-06,247.08,0
2025-05-07,251.26,0
2025-05-08,241.54,0
2025-05-09,244.05,0
2025-05-10,246.36,0
2025-05-11,250.17,0
2025-05-12,247.22,0
2025-05-13,252.68,0
2025-05-14,250.38,0
2025-05-15,251.44,0
2025-05-16,257.6,0
2025-05-17,252.98,0
2025-05-18,252.02,0
2025-05-19,245.46,0
2025-05-20,249.95,0
2025-05-21,249.03,0
2025-05-22,256.44,0
2025-05-23,250.41,0
2025-05-24,252.09,0
2025-05-25,243.88,0
2025-05-26,250.88,0
2025-05-27,247.14,0
2025-05-28,252.84,0
2025-05-29,243.91,0
2025-05-30,242.36,0
2025-05-31,271.01,1
2025-06-01,237.7,0
2025-06-02,242.82,0
2025-06-03,243.07,0
2025-06-04,240.98,0
2025-06-05,243.71,0
2025-06-06,235.26,0
2025-06-07,239.2,0
2025-06-08,242.74,0
2025-06-09,236.6,0
2025-06-10,232.28,0
2025-06-11,230.86,0
2025-06-12,230.88,0
2025-06-13,228.1,0
2025-06-14,226.0,0
2025-06-15,232.82,0
2025-06-16,228.27,0
2025-06-17,234.73,0
2025-06-18,233.34,0
2025-06-19,230.09,0
2025-06-20,230.08,0
2025-06-21,233.84,0
2025-06-22,238.17,0
2025-06-23,231.3,0
2025-06-24,227.72,0
2025-06-25,227.06,0
2025-06-26,226.84,0
2025-06-27,224.06,0
2025-06-28,237.53,0
2025-06-29,240.67,0
2025-06-30,267.59,1
2025-07-01,237.55,0
2025-07-02,233.29,0
2025-07-03,248.34,0
2025-07-04,254.09,0
2025-07-05,248.1,0
2025-07-06,247.53,0
2025-07-07,242.89,0
2025-07-08,241.58,0
2025-07-09,253.81,0
2025-07-10,249.97,0
2025-07-11,248.34,0
2025-07-12,251.44,0
2025-07-13,244.09,0
2025-07-14,252.98,0
2025-07-15,252.7,0
2025-07-16,248.39,0
2025-07-17,252.87,0
2025-07-18,259.29,0
2025-07-19,257.79,0
2025-07-20,257.32,0
2025-07-21,253.01,0
2025-07-22,254.05,0
2025-07-23,246.58,0
2025-07-24,248.23,0
2025-07-25,248.92,0
2025-07-26,247.28,0
2025-07-27,254.94,0
2025-07-28,245.89,0
2025-07-29,256.01,0
2025-07-30,237.71,0
2025-07-31,277.99,1
2025-08-01,246.34,0
2025-08-02,240.88,0
2025-08-03,240.4,0
2025-08-04,245.78,0
2025-08-05,238.14,0
2025-08-06,231.94,0
2025-08-07,241.47,0
2025-08-08,232.94,0
2025-08-09,238.34,0
2025-08-10,236.99,0
2025-08-11,234.08,0
2025-08-12,235.71,0
2025-08-13,232.37,0
2025-08-14,238.53,0
2025-08-15,232.87,0
2025-08-16,224.24,0
2025-08-17,228.42,0
2025-08-18,233.02,0
2025-08-19,230.24,0
2025-08-20,234.21,0
2025-08-21,225.31,0
2025-08-22,224.54,0
2025-08-23,235.7,0
2025-08-24,232.53,0
2025-08-25,226.75,0
2025-08-26,230.78,0
2025-08-27,229.6,0
2025-08-28,242.47,0
2025-08-29,240.54,0
2025-08-30,235.71,0
2025-08-31,269.95,1
2025-09-01,249.4,0
2025-09-02,251.38,0
2025-09-03,247.72,0
2025-09-04,248.62,0
2025-09-05,236.99,0
2025-09-06,247.94,0
2025-09-07,244.94,0
2025-09-08,242.65,0
2025-09-09,257.69,0
2025-09-10,251.3,0
2025-09-11,255.1,0
2025-09-12,256.69,0
2025-09-13,253.02,0
2025-09-14,254.67,0
2025-09-15,254.9,0
2025-09-16,251.53,0
2025-09-17,259.74,0
2025-09-18,257.54,0
2025-09-19,264.77,0
2025-09-20,260.64,0
2025-09-21,256.26,0
2025-09-22,255.39,0
2025-09-23,258.59,0
2025-09-24,252.93,0
2025-09-25,245.1,0
2025-09-26,256.13,0
2025-09-27,249.4,0
2025-09-28,250.57,0
2025-09-29,250.4,0
2025-09-30,283.95,1
2025-10-01,252.11,0
2025-10-02,245.53,0
2025-10-03,241.38,0
2025-10-04,244.25,0
2025-10-05,239.02,0
2025-10-06,242.08,0
2025-10-07,238.67,0
2025-10-08,238.47,0
2025-10-09,238.51,0
2025-10-10,243.85,0
2025-10-11,242.51,0
2025-10-12,235.68,0
2025-10-13,236.55,0
2025-10-14,235.57,0
2025-10-15,240.7,0
2025-10-16,230.13,0
2025-10-17,234.06,0
2025-10-18,234.55,0
2025-10-19,227.06,0
2025-10-20,235.54,0
2025-10-21,232.17,0
2025-10-22,227.15,0
2025-10-23,238.94,0
2025-10-24,232.16,0
2025-10-25,241.22,0
2025-10-26,242.5,0
2025-10-27,237.44,0
2025-10-28,246.97,0
2025-10-29,243.32,0
2025-10-30,239.3,0
2025-10-31,277.55,1
2025-11-01,240.78,0
2025-11-02,250.38,0
2025-11-03,247.23,0
2025-11-04,245.95,0
2025-11-05,253.87,0
2025-11-06,252.95,0
2025-11-07,255.8,0
2025-11-08,251.79,0
2025-11-09,253.08,0
2025-11-10,252.89,0
2025-11-11,256.87,0
2025-11-12,258.01,0
2025-11-13,249.94,0
2025-11-14,261.67,0
2025-11-15,256.83,0
2025-11-16,260.17,0
2025-11-17,262.99,0
2025-11-18,260.18,0
2025-11-19,260.67,0
2025-11-20,269.8,0
2025-11-21,258.76,0
2025-11-22,266.33,0
2025-11-23,263.49,0
2025-11-24,261.48,0
2025-11-25,256.08,0
2025-11-26,254.12,0
2025-11-27,259.71,0
2025-11-28,252.71,0
2025-11-29,253.17,0
2025-11-30,280.29,1
2025-12-01,248.79,0
2025-12-02,254.99,0
2025-12-03,244.67,0
2025-12-04,253.91,0
2025-12-05,245.8,0
2025-12-06,251.29,0
2025-12-07,241.64,0
2025-12-08,242.49,0
2025-12-09,244.52,0
2025-12-10,239.85,0
2025-12-11,238.41,0
2025-12-12,234.9,0
2025-12-13,238.93,0
2025-12-14,238.31,0
2025-12-15,241.42,0
2025-12-16,235.11,0
2025-12-17,242.12,0
2025-12-18,239.26,0
2025-12-19,244.64,0
2025-12-20,236.95,0
2025-12-21,242.27,0
2025-12-22,239.94,0
2025-12-23,233.04,0
2025-12-24,245.57,0
2025-12-25,243.75,0
2025-12-26,247.5,0
2025-12-27,249.5,0
2025-12-28,242.17,0
2025-12-29,243.76,0
2025-12-30,245.29,0
2025-12-31,285.22,1
