Node_ID,Name,Type,Latitude,Longitude
30092040,Carrefour,Supermarket,-1.2984066,36.7633237
30210335,Barizi,Bar/Pub,-1.2925643,36.7868253
30324274,Soho's Bar,Bar/Pub,-1.2625883,36.805176
30324343,Carrefour,Supermarket,-1.2609034,36.8018312
30402750,K1 Klub House,Bar/Pub,-1.26846,36.8118717
30695833,Naivas Supermarket,Supermarket,-1.3164518,36.8348783
255683646,Atlantis Gardens,Bar/Pub,-1.2915453,36.7904313
474638067,Kenya Wildlife Service Officers Mess,Bar/Pub,-1.3409981,36.7929272
489246761,Nakumatt Embakasi Supermarket,Supermarket,-1.3295149,36.8891623
494772725,Chandarana Food Plus Supermarket Ltd.,Supermarket,-1.2593846,36.8178663
521103444,Fairlane,Supermarket,-1.3068216,36.8020059
597647390,Onn The Way Supermarket Muthaiga,Supermarket,-1.2499888,36.8202489
612007089,LainiI Saba Market,Supermarket,-1.3103868,36.7958157
612007266,Home Park Bar,Bar/Pub,-1.3112316,36.7890498
612007485,Darajani In Bar,Bar/Pub,-1.3112647,36.7878088
612007666,Getangura Shop,Convenience/Duka,-1.3116313,36.7938614
612007705,Kaloki Super Market,Supermarket,-1.3122214,36.797677
612007857,Soweto Corner Posho Mill,Convenience/Duka,-1.3151354,36.7751908
612007863,Rafiki stores,Convenience/Duka,-1.3143528,36.776108
612008382,Jeliza Shop,Convenience/Duka,-1.3152252,36.7925402
612008387,Munyote shop,Convenience/Duka,-1.3174212,36.7943636
612008391,Uchumi Ndogo Retail Shop,Convenience/Duka,-1.3159641,36.7941386
612008392,Heroes keg pub,Bar/Pub,-1.3165326,36.7948537
612008394,Uchumi Ndogo Annex,Convenience/Duka,-1.3154741,36.79329
612008395,Japolo Tailoring Shop,Convenience/Duka,-1.3156011,36.7933467
612008401,New Migori Bar,Bar/Pub,-1.3141844,36.7939068
612008449,cereals,Supermarket,-1.3151523,36.7797164
612008459,Nebera Busaa Club,Bar/Pub,-1.3142165,36.7820935
612008471,Green Hut Pub,Bar/Pub,-1.3132983,36.7966055
612008476,Kwaka Complex Pub,Bar/Pub,-1.3138751,36.7975341
612008477,Zaire Complex Bar,Bar/Pub,-1.3127532,36.7958865
612008494,Grocery,Supermarket,-1.3102203,36.7760353
612008603,Nyaki Consultant Shop,Convenience/Duka,-1.3155274,36.7752537
612008684,Mashimoni pub,Bar/Pub,-1.312144,36.7921875
612008721,Wholesale,Convenience/Duka,-1.3132082,36.7949688
612008729,Chabumba Store,Convenience/Duka,-1.3116127,36.7937372
612008734,Jasho Mini Store,Convenience/Duka,-1.3113798,36.7943004
612008735,Friends Joint Kibera,Bar/Pub,-1.3114207,36.794306
612008743,Jakamiyawa Tailoring Shop,Convenience/Duka,-1.3111764,36.7947507
612008744,Makutano Bar,Bar/Pub,-1.3111592,36.7948104
612008752,City Point store,Convenience/Duka,-1.3111228,36.7948919
612008807,Battery Charging,Convenience/Duka,-1.3146322,36.7835099
612008848,Tailr shop,Convenience/Duka,-1.3149721,36.7856842
612008856,mama Khukhu Charcoal shop,Convenience/Duka,-1.3150412,36.7870898
612008946,Califonia Bar,Bar/Pub,-1.3135606,36.7966136
612008948,Wholesale,Supermarket,-1.3133438,36.7967341
612008949,Wholesale,Supermarket,-1.3132941,36.7969956
612008953,First and Last Bar,Bar/Pub,-1.3128683,36.7973136
612008957,Gitangura Bee Hive Bar,Bar/Pub,-1.3123145,36.7942297
612008959,Kims Bar,Bar/Pub,-1.3116225,36.7935815
612008962,Zoweni Bar,Bar/Pub,-1.3127619,36.795388
612008973,Wa Muchedi Bar,Bar/Pub,-1.3122716,36.7969355
612008974,Tamaduni Bar,Bar/Pub,-1.3122595,36.7966813
612008975,Kim's Complex Bar,Bar/Pub,-1.3121877,36.7973116
612008979,Uwanjani Shop,Convenience/Duka,-1.3119296,36.7961311
612008980,Kaka Tailoring Shop,Convenience/Duka,-1.3126756,36.7972942
612008983,Manchester United shop,Convenience/Duka,-1.3123708,36.797547
612008985,Kirere Bar,Bar/Pub,-1.3120761,36.797871
612008987,Wholesale and Kerosene pump,Convenience/Duka,-1.3121691,36.7975662
612008998,welding,Convenience/Duka,-1.3120847,36.79196
612009000,kazuri posho mill,Convenience/Duka,-1.3120376,36.7921747
612009067,checkpoint bar and restaurant,Bar/Pub,-1.3109487,36.7745505
612009082,Tornado Battery Charging,Convenience/Duka,-1.3162106,36.7784811
612009089,mali mali,Convenience/Duka,-1.315436,36.7788066
612009156,Makutano Bar,Bar/Pub,-1.3112199,36.7952688
612009157,Getangura junior shop,Convenience/Duka,-1.3112294,36.7951226
612009162,New Generation Pub,Bar/Pub,-1.3119504,36.796167
612009165,Vision tailoring shop,Convenience/Duka,-1.3107662,36.7960344
612009174,Mimias Shop,Convenience/Duka,-1.3161852,36.7931649
612009202,sky villa bar,Bar/Pub,-1.3111199,36.7757577
612009211,m.cliff mini mart,Supermarket,-1.3088987,36.7731126
612009221,42 terminus bar,Bar/Pub,-1.3082122,36.7729872
612009248,Obama Computer Services,Convenience/Duka,-1.3093005,36.7905353
612009261,riz cyber cafe,Convenience/Duka,-1.3073521,36.7826041
612009376,Community pub,Bar/Pub,-1.3151986,36.7852289
612009379,Community pub,Bar/Pub,-1.3146891,36.7852738
612009574,Yatta Royal Turban-miti ni dawa,Bar/Pub,-1.3146841,36.7807121
612009575,Lyze Pub,Bar/Pub,-1.3145864,36.7807306
612009577,Keg PUB,Bar/Pub,-1.314253,36.7813823
612009695,Rail Breeze Pub,Bar/Pub,-1.3128507,36.7846538
612009823,Furaha Bar and Restaurant,Bar/Pub,-1.3110979,36.7745732
612010582,White House Pub,Bar/Pub,-1.3136253,36.7892774
612010732,High Way Pub,Bar/Pub,-1.3118867,36.7925795
612010922,Car Wash,Convenience/Duka,-1.309193,36.7804143
612011213,Chali General Store,Convenience/Duka,-1.3136699,36.7943026
612011239,J M Muli Shop,Convenience/Duka,-1.3144193,36.791732
612011333,Posho Mill,Convenience/Duka,-1.3116174,36.7936999
612011334,Posho Mill,Convenience/Duka,-1.3115523,36.7938459
612011366,Kerosene and charcoal point,Convenience/Duka,-1.31129,36.7953735
650226622,Naivas Eastgate,Supermarket,-1.2958319,36.8873124
695644718,Double Inn Restaurant,Convenience/Duka,-1.32868,36.7174137
712884562,Unnamed Store,Bar/Pub,-1.3168692,36.7955498
712884569,Unnamed Store,Bar/Pub,-1.3179615,36.7990428
712884578,Unnamed Store,Bar/Pub,-1.3174061,36.7981411
712884581,Unnamed Store,Bar/Pub,-1.3171935,36.7973103
712884582,Unnamed Store,Bar/Pub,-1.3171191,36.7970248
712884584,Unnamed Store,Bar/Pub,-1.3168727,36.7961937
712884586,Swimmers Bar,Bar/Pub,-1.3172759,36.7984571
712884587,Unnamed Store,Bar/Pub,-1.316839,36.7961752
712884588,Unnamed Store,Bar/Pub,-1.316998,36.7964014
712890336,Unnamed Store,Bar/Pub,-1.3114039,36.7874338
712903697,The Barrels 2 Bar,Bar/Pub,-1.3090919,36.7731924
712907762,Yatta Bar,Bar/Pub,-1.3147485,36.7941768
712907763,Gift Center Bar,Bar/Pub,-1.3134318,36.790419
712907766,Busaa Club,Bar/Pub,-1.3143184,36.7935463
712907772,Senator Darajani Bar,Bar/Pub,-1.3134622,36.7904932
712910500,Dallas Pub Senator Keg Obama Base,Bar/Pub,-1.3133646,36.790062
712964089,Singapore Pub,Bar/Pub,-1.3193247,36.7783712
712964093,Mabatini Bar,Bar/Pub,-1.3189113,36.7783234
712964098,Jirani pub,Bar/Pub,-1.3143267,36.7760959
712964757,Bombolulu Chang'aa Point,Bar/Pub,-1.3111881,36.77431
713074368,Peninah Street,Bar/Pub,-1.3079938,36.7834351
713074371,Mosmos Bar,Bar/Pub,-1.3143926,36.7811643
713074373,Monte Carlo Pub,Bar/Pub,-1.314201,36.7815821
713074378,Miti Ni Dawa,Bar/Pub,-1.3141924,36.7816445
713074382,Sterlight In Pub,Bar/Pub,-1.3144021,36.7813752
713074384,Salama Wines and Spirit shop,Bar/Pub,-1.3084364,36.7840326
713074392,Chamgi wadu,Bar/Pub,-1.3145983,36.781497
713074396,Unnamed Store,Bar/Pub,-1.314074,36.7816882
713074400,Meeting Point Pub,Bar/Pub,-1.3143924,36.7814018
713074404,Vihiga Busaa Club,Bar/Pub,-1.3084538,36.7839639
713074407,Labour Base Jiu Dendi,Bar/Pub,-1.3141137,36.7817777
713194090,Tumaini Bar,Bar/Pub,-1.312869,36.7946406
713194100,Unnamed Store,Bar/Pub,-1.3113602,36.7944232
713194112,Wika Bar,Bar/Pub,-1.3146261,36.7962941
713194154,Unnamed Store,Bar/Pub,-1.3148666,36.7963748
714721600,Hardy Provision Stores,Convenience/Duka,-1.3651721,36.7428089
744432249,Nakumatt Prestige,Supermarket,-1.3007033,36.7873227
762025979,Carrefour,Supermarket,-1.2816587,36.8169366
809811873,Movers,Bar/Pub,-1.2105291,36.7902211
915386941,Kengele's Lavington Green,Bar/Pub,-1.2801019,36.7702712
929941887,Tuck shop,Convenience/Duka,-1.278327,36.8113459
929941945,Tuck shop,Convenience/Duka,-1.2786638,36.8114998
929943767,Tuck shop,Convenience/Duka,-1.2807617,36.810273
940066424,Unes Mart,Convenience/Duka,-1.2737656,36.8046619
948311580,Miti Ni Dawa pub,Bar/Pub,-1.313957,36.781986
948311704,Unnamed Store,Bar/Pub,-1.3153172,36.7973247
948311719,Unnamed Store,Bar/Pub,-1.3171355,36.7971032
1038091921,Rockers pub,Bar/Pub,-1.2645343,36.848698
1038193545,Urban Supermarket,Supermarket,-1.2657625,36.8556579
1038202695,Sokomoko wholesales,Supermarket,-1.2582303,36.8627428
1038219167,Nyamirambo Bar,Bar/Pub,-1.2517794,36.8724724
1038219170,Lucky Star super market,Supermarket,-1.2506534,36.873971
1045132041,Shell,Convenience/Duka,-1.1888086,36.9319508
1045132232,Whispers Inn,Bar/Pub,-1.1992245,36.9268833
1045132289,Jostem Inn,Bar/Pub,-1.1970454,36.9257321
1101638913,Snack Bar,Bar/Pub,-1.2671509,36.8438752
1101737107,Cassanova Inn,Bar/Pub,-1.2590892,36.8701867
1101737199,J K Mbuthia Club,Bar/Pub,-1.2598317,36.8667887
1103092329,Sayun supermarket,Supermarket,-1.2591697,36.8643283
1103092469,Ngololo Supermarket,Supermarket,-1.2607612,36.8634432
1110227272,Base Pub,Bar/Pub,-1.263471,36.8561352
1110239847,Wa Caro,Supermarket,-1.265657,36.8456404
1111451075,MultyShoppers Supermarket,Supermarket,-1.2565217,36.8737266
1111451094,Ngei 2 Bar,Bar/Pub,-1.259252,36.8691308
1111451119,Mini price supermarket,Supermarket,-1.2594364,36.8687929
1111566329,Cereals Store,Convenience/Duka,-1.2563061,36.8738326
1111566404,Ngei 1 Super market,Supermarket,-1.2563541,36.8730578
1111566437,Kambu Store,Convenience/Duka,-1.2572979,36.8746663
1111587172,Joes Silent,Bar/Pub,-1.2518416,36.8712918
1111587174,Linkers Bar,Bar/Pub,-1.2523606,36.8709028
1111587206,Smart Choice,Supermarket,-1.2505325,36.8763456
1112884985,kiwanza store,Supermarket,-1.2596162,36.862559
1123193261,The Valley View Pub,Bar/Pub,-1.2597234,36.8671195
1123193264,Calfonia Pub,Bar/Pub,-1.2593263,36.8677733
1123193289,Parem Paradise Pub,Bar/Pub,-1.2600354,36.8672333
1123193290,Simba Kathekoni Pub,Bar/Pub,-1.257952,36.8666696
1123193292,Meta meta Busaa Club,Bar/Pub,-1.2581761,36.8669532
1123193324,Githii Gide Away Club,Bar/Pub,-1.2582128,36.8667818
1123193331,Bide Walk Pub,Bar/Pub,-1.257825,36.8675914
1123193353,Nderemo Bar,Bar/Pub,-1.2594438,36.8671032
1123193359,New Makutano Pub,Bar/Pub,-1.258432,36.8667618
1123193361,HURUMA 46 PUB,Bar/Pub,-1.2605241,36.8679847
1123193373,Kigaa Garded Pub,Bar/Pub,-1.258085,36.8683654
1123193374,Sayuni Supermarket Equity Agent,Supermarket,-1.260743,36.8669617
1123193376,Economy Supermarket,Supermarket,-1.2579113,36.8672641
1123193393,Sam Tech Pub,Bar/Pub,-1.2596513,36.8670973
1123193395,Mount Kenya bar,Bar/Pub,-1.2596492,36.8678633
1123193396,Kibichoi bar and resturant,Bar/Pub,-1.259528,36.8688232
1123193415,Osaka Supšermarket Store,Supermarket,-1.2589225,36.8669435
1123193420,JoyWabb Pub,Bar/Pub,-1.2594533,36.8682483
1123193426,YOUNG FATHERS PUB,Bar/Pub,-1.2597875,36.8671766
1123193433,Texus Pub,Bar/Pub,-1.2596315,36.8683305
1123201077,SWINGESS PUB HURUMA,Bar/Pub,-1.2573159,36.8726443
1123201078,New happyland bar,Bar/Pub,-1.2585384,36.8684054
1123201084,Snipper Pub,Bar/Pub,-1.2569474,36.8725796
1123201095,Smart choice supermarket,Supermarket,-1.2588628,36.8688171
1123201112,Migingo Busaa Club,Bar/Pub,-1.258389,36.868802
1123201130,TEXAS PUB,Bar/Pub,-1.2570227,36.8725615
1123201132,Boosters Pub,Bar/Pub,-1.2587483,36.8698504
1123201143,SHIROS PUB,Bar/Pub,-1.2573684,36.8727224
1123201146,Elishiba wholesalers,Convenience/Duka,-1.2574448,36.872764
1123201148,Matuu bar and restaurant,Bar/Pub,-1.2587715,36.8688445
1123201167,Central bar,Bar/Pub,-1.2591713,36.8693654
1123201176,LEAHMS WINES AND SPIRIT,Bar/Pub,-1.2570949,36.8725547
1123201183,Generation pub,Bar/Pub,-1.2572266,36.8725507
1123201186,Vineyard wines,Bar/Pub,-1.2589114,36.8686038
1123201192,New fashion bar,Bar/Pub,-1.2571716,36.8728515
1124602198,Fair deal Traders,Convenience/Duka,-1.2591279,36.8645845
1124602200,Gladys supermarket,Supermarket,-1.2600652,36.865084
1124602225,Centaline Supermarket,Supermarket,-1.2598626,36.8650075
1124602247,Sony pub,Bar/Pub,-1.2585961,36.8648656
1124602260,Junction villa pub,Bar/Pub,-1.2587396,36.8649509
1124602277,woodland bar,Bar/Pub,-1.2586869,36.8646159
1204009399,Rafikiz Bar,Bar/Pub,-1.3227785,36.8025196
1271155398,Tree house,Bar/Pub,-1.2992718,36.7886178
1284282913,Ozone Grill,Bar/Pub,-1.2989946,36.7903653
1334386299,Rubis,Convenience/Duka,-1.2901941,36.7708565
1417861357,Embavilla Pub,Bar/Pub,-1.3225274,36.886231
1417918702,Club Africa,Bar/Pub,-1.3185562,36.8845717
1417918704,Generation Bar,Bar/Pub,-1.3185098,36.8845037
1417918716,Manyanga Bar,Bar/Pub,-1.3139917,36.8838013
1417918718,Milimani SS Base,Bar/Pub,-1.316938,36.8836988
1417918722,Riverside Pub,Bar/Pub,-1.3187,36.8846163
1419004978,Equator Inn Bar,Bar/Pub,-1.3185769,36.8875339
1419004979,Furahamatt Supermarket,Supermarket,-1.3180617,36.8872411
1419004989,Karama Supermarket,Supermarket,-1.3148778,36.885588
1419005000,Seniors Pub,Bar/Pub,-1.3195305,36.8859309
1419005007,Uvumilivu Bar,Bar/Pub,-1.3186773,36.8875791
1419024349,Keg Base,Bar/Pub,-1.3167208,36.8860591
1419101738,Muindi Mweusi supermarket Kwa Njenga,Supermarket,-1.3195827,36.8877896
1419101768,Royal park bar,Bar/Pub,-1.3233965,36.888115
1419101778,A A maize millers,Convenience/Duka,-1.3237514,36.889903
1419821932,Nakumatt Lifestyle,Supermarket,-1.2817574,36.8183031
1432507876,Bevvers pub,Bar/Pub,-1.3180527,36.8745664
1432507885,Casablance bar,Bar/Pub,-1.3195224,36.8753022
1432507887,Cheers pub,Bar/Pub,-1.3187554,36.8740696
1432507891,DISNA pub,Bar/Pub,-1.3157189,36.8760653
1432507893,Daglas bar and lodge,Bar/Pub,-1.3111864,36.8684544
1432507901,Emmy wines and spirits,Bar/Pub,-1.3177388,36.8764717
1432507906,Express pub,Bar/Pub,-1.3173141,36.8767838
1432507913,Furaha pub,Bar/Pub,-1.3164678,36.8762564
1432507922,Hotline pub,Bar/Pub,-1.3179576,36.874523
1432507945,Joy pub,Bar/Pub,-1.3187257,36.8740996
1432507947,Joy relax pub,Bar/Pub,-1.3184251,36.8742976
1432507953,Karibu bar,Bar/Pub,-1.3113383,36.8679901
1432507970,Kinyagi pub,Bar/Pub,-1.3156036,36.8749357
1432507985,Little london pub,Bar/Pub,-1.3183465,36.8742558
1432508016,Meta meta bar,Bar/Pub,-1.3159341,36.8754489
1432508019,Migingo island pub,Bar/Pub,-1.3182597,36.8744197
1432508030,New classic pub,Bar/Pub,-1.3166935,36.8754349
1432508051,Silent pub,Bar/Pub,-1.3188392,36.8740166
1432508060,Sweet water pub,Bar/Pub,-1.3165986,36.8766502
1432508074,Webuye busaa club,Bar/Pub,-1.3167917,36.8769162
1437347778,Bevvers pub,Bar/Pub,-1.3180396,36.8745717
1437347780,Big base poa bar,Bar/Pub,-1.318791,36.8740433
1437347812,Eunique bar,Bar/Pub,-1.3161039,36.8756527
1437347838,Kalawa pub,Bar/Pub,-1.3163161,36.8748138
1437347841,Kawas wines and spirits,Bar/Pub,-1.3191491,36.8740625
1437347877,Moon light bar,Bar/Pub,-1.3171926,36.8713053
1437347916,Sea land senator pub,Bar/Pub,-1.3160575,36.8756028
1437347921,Simba cool bar,Bar/Pub,-1.3167536,36.870019
1446059181,Jamaica leisure pub,Bar/Pub,-1.3097969,36.8761172
1446059185,Cocacola depot,Convenience/Duka,-1.3103345,36.8740527
1446059189,Sweetwaters pub,Bar/Pub,-1.3097534,36.8760258
1446059194,Slum park bar,Bar/Pub,-1.3103604,36.8740971
1446059206,Klub metro pub,Bar/Pub,-1.3095264,36.8775576
1446059223,Ngiluni pub,Bar/Pub,-1.3108142,36.8697243
1446059246,Kiingane pub,Bar/Pub,-1.3107888,36.8701655
1446059257,3 in one pub,Bar/Pub,-1.3158992,36.8660647
1446059262,Feelanga free bar,Bar/Pub,-1.316375,36.8668827
1446059275,Small world pub,Bar/Pub,-1.309395,36.878092
1446059280,Kalawa pub,Bar/Pub,-1.3148103,36.8684153
1446059282,Stephen pub,Bar/Pub,-1.315863,36.8673765
1446059286,Mbooni pub,Bar/Pub,-1.3158074,36.8687368
1446059293,Umoja pub,Bar/Pub,-1.3094039,36.8780223
1446059295,Senator pub,Bar/Pub,-1.3109682,36.8700255
1446059303,Heshima pub,Bar/Pub,-1.3106798,36.8705327
1446059306,Ngaeka mwaeka pub,Bar/Pub,-1.3150672,36.867874
1446059320,Kane point,Bar/Pub,-1.3107354,36.870198
1446059322,Pewa pub,Bar/Pub,-1.3160803,36.8670231
1446059329,Joyland pub,Bar/Pub,-1.3108713,36.8694787
1446059336,Makueni pub,Bar/Pub,-1.3102312,36.8743808
1453972956,pub C-One,Bar/Pub,-1.3141862,36.849047
1453972964,supermarket,Supermarket,-1.3138047,36.8486859
1453973018,Three Turns Pub,Bar/Pub,-1.3144962,36.8491896
1493484790,Ciro pub,Bar/Pub,-1.3118275,36.8498492
1493484810,Homeland pub,Bar/Pub,-1.3115234,36.8457007
1493484866,Steps pub,Bar/Pub,-1.3116757,36.8462112
1493484870,Uncle dan's pub,Bar/Pub,-1.311969,36.8497987
1499916418,fite pub,Bar/Pub,-1.309163,36.8373948
1499916427,mariguini bar,Bar/Pub,-1.3089322,36.8377847
1499916428,marimba,Bar/Pub,-1.3074041,36.8382957
1499916451,Unnamed Store,Bar/Pub,-1.3125744,36.8459461
1500016749,Unnamed Store,Bar/Pub,-1.3078223,36.8361677
1500016755,Unnamed Store,Bar/Pub,-1.3084224,36.835978
1500016759,Unnamed Store,Bar/Pub,-1.3100651,36.8401926
1500016766,Unnamed Store,Bar/Pub,-1.3105139,36.8376858
1500016769,Community Pub,Bar/Pub,-1.3105298,36.8401531
1500016794,Community Pub,Bar/Pub,-1.3118975,36.8444708
1577711336,Club Kutwa,Bar/Pub,-1.3074019,36.8188139
1577711338,Gebewa Grocers,Convenience/Duka,-1.3072328,36.8188704
1577711341,Kasuku Pub,Bar/Pub,-1.3077069,36.8187589
1577756405,Lips Pub,Bar/Pub,-1.3073495,36.8188403
1578600648,Homecare Enterprises,Supermarket,-1.311796,36.8372359
1580151696,Inspiration Africa Ltd,Convenience/Duka,-1.3162561,36.834871
1606545232,KrisDarling,Bar/Pub,-1.3101851,36.7757033
1633785553,DOT Com,Bar/Pub,-1.3235258,36.7794435
1635576780,Bonjour,Convenience/Duka,-1.2999961,36.7888136
1635588090,Corner Shop,Convenience/Duka,-1.2931645,36.7877085
1635588108,Chandarana Supermarket,Supermarket,-1.2932895,36.7876075
1717391417,Students Center Annex,Bar/Pub,-1.1783248,36.9291886
1720711114,Ebrahims Supermarket,Supermarket,-1.2832546,36.8231612
1720982953,QuickMart,Supermarket,-1.2836855,36.8253214
1720982958,Tuskys,Supermarket,-1.2833536,36.8283646
1727588855,big five pub,Bar/Pub,-1.3144119,36.7818024
1746645845,Golf Course Shopping Center,Supermarket,-1.3073187,36.8025226
1762037898,Rikana Supermarket,Supermarket,-1.2970642,36.8941634
1762068586,Naivas supermarket,Supermarket,-1.3083468,36.8227864
1775820941,Muungano Bar and Lodge,Bar/Pub,-1.3081896,36.7895208
1775825790,Kabuga mini shop,Convenience/Duka,-1.3079244,36.7833402
1793143579,Blue Bar,Bar/Pub,-1.2498693,36.8917262
1796786234,Chriss Pub,Bar/Pub,-1.3103209,36.775728
1801454719,New Wembly Arena,Bar/Pub,-1.3087201,36.773157
1801454730,Saringo Pub,Bar/Pub,-1.3102302,36.7737133
1801454737,Vuvuzela Bar and Restaurant,Bar/Pub,-1.310981,36.7749178
1874195120,Uchumi,Supermarket,-1.3014386,36.7801309
1960061511,Dreams Village,Bar/Pub,-1.3079004,36.8332853
1960064164,Spax,Bar/Pub,-1.3114722,36.8361231
1960065181,Midas Supermarket,Supermarket,-1.3109198,36.8355545
1980733711,Obama Club,Bar/Pub,-1.3142419,36.7820585
1999653266,Metemeta bar,Bar/Pub,-1.3159497,36.8754635
1999709957,Plan B pub,Bar/Pub,-1.3129671,36.8587855
1999910112,Bondo busaa club,Bar/Pub,-1.3126521,36.8469278
1999910113,Busaa club,Bar/Pub,-1.3119639,36.8473108
1999910122,Kalos pub,Bar/Pub,-1.3122852,36.8476706
1999910153,Uncle dan's pub,Bar/Pub,-1.3120105,36.8498359
2001001182,katheka club,Bar/Pub,-1.3118227,36.8468917
2001079019,Busaa club,Bar/Pub,-1.3086536,36.840724
2001079030,Kwa mjomba pub,Bar/Pub,-1.3089844,36.8361448
2001079031,Kwetu poa pub,Bar/Pub,-1.3090852,36.8398817
2001268289,Heshima bar,Bar/Pub,-1.312479,36.8828633
2001268296,Ikuuni club,Bar/Pub,-1.3123291,36.8826874
2001268306,Makuti bar,Bar/Pub,-1.318334,36.8877291
2001268355,Wapewape pub,Bar/Pub,-1.3229002,36.8880902
2024563463,Emali pub,Bar/Pub,-1.3120861,36.8495021
2024563597,Silent bar,Bar/Pub,-1.3120262,36.8481983
2091525550,Unnamed Store,Supermarket,-1.2639295,36.7283049
2105394326,Mathare north social halll,Bar/Pub,-1.2521794,36.8713103
2122225568,Total,Convenience/Duka,-1.1930279,36.777474
2137955367,Naivas Supermarket Greenhouse,Supermarket,-1.3004022,36.781746
2145321626,Marthasam Enterteprises,Bar/Pub,-1.3117637,36.8362605
2145385329,Nerkwo Bar,Bar/Pub,-1.3197519,36.8428266
2179954251,HomeDirect Supermarket,Supermarket,-1.310942,36.8362456
2179958324,The Liqour,Bar/Pub,-1.310572,36.8363878
2188815325,Rongai Business Hub,Convenience/Duka,-1.3956817,36.7545859
2212753559,friends corner pub,Bar/Pub,-1.2564406,36.8655738
2257649098,Home pub,Bar/Pub,-1.252098,36.8698441
2257649102,Ichakarai pub,Bar/Pub,-1.2518956,36.8695986
2257649106,North point bar,Bar/Pub,-1.2516741,36.8699716
2257649109,Unnamed Store,Bar/Pub,-1.2510665,36.8709068
2257856848,Chomazone bar,Bar/Pub,-1.2604105,36.8604806
2261405836,Club sokoro,Bar/Pub,-1.2530535,36.8693327
2261405845,Nalepo senator pub;nalepo senator pub,Bar/Pub,-1.2528292,36.8708271
2261405869,adopt a light,Bar/Pub,-1.249274,36.8761903
2261405891,adopt a light,Bar/Pub,-1.2522532,36.8712352
2261405903,atdopt a light,Bar/Pub,-1.2529576,36.8732957
2261405917,the storm pub,Bar/Pub,-1.2507712,36.8754461
2278059343,Club sokoro,Bar/Pub,-1.2530775,36.8693602
2278059344,Dragon wines and spirits,Bar/Pub,-1.2526513,36.8682901
2278059345,Gitigi pub,Bar/Pub,-1.2532464,36.8684587
2278059347,adopt a light,Bar/Pub,-1.2533457,36.8693871
2278059349,adopt a light,Bar/Pub,-1.2540341,36.8655721
2278059351,citizen pub,Bar/Pub,-1.2531957,36.8684769
2278059360,struggle bar,Bar/Pub,-1.2538255,36.8668226
2278107181,Choma zone bar,Bar/Pub,-1.2604155,36.860455
2279233207,Cool share bar,Bar/Pub,-1.2586222,36.8613074
2279233211,Nzeluni Bar,Bar/Pub,-1.2586339,36.8614028
2279270339,adapt a light,Bar/Pub,-1.2584464,36.8624059
2279270343,adapt a light,Bar/Pub,-1.260691,36.8595817
2280632186,Base root pub,Bar/Pub,-1.2531808,36.8687007
2280632191,Biko SJ pub,Bar/Pub,-1.2527608,36.8721488
2280632201,Citizen pub,Bar/Pub,-1.253214,36.8685109
2280632206,Club sokoro,Bar/Pub,-1.2530596,36.8693068
2280632219,Kidi obae ondinge bar,Bar/Pub,-1.2528211,36.8718407
2280632220,Kisasa pub,Bar/Pub,-1.2524387,36.8693679
2280632221,Las vegas pub,Bar/Pub,-1.2520694,36.871245
2280632222,Muhihinyano pub,Bar/Pub,-1.2531719,36.8686043
2280632235,Osiepe pub,Bar/Pub,-1.2532512,36.8709129
2280632239,Realarc pub,Bar/Pub,-1.2535858,36.8704422
2280632243,Bonest bar,Bar/Pub,-1.2510817,36.870902
2280632249,adopt a light,Bar/Pub,-1.2522644,36.8712543
2280632255,adopt a light,Bar/Pub,-1.2524939,36.8692621
2280632286,adopt a light,Bar/Pub,-1.2533457,36.8693883
2280632292,dragon wines and spirits,Bar/Pub,-1.2526533,36.8682903
2280687602,Bluetooth home pub,Bar/Pub,-1.2550795,36.8676753
2280687607,Caanan bar,Bar/Pub,-1.2549903,36.8665056
2280687611,Jay cee wines and spirits,Bar/Pub,-1.2547777,36.8669207
2280687615,Ndolos pub,Bar/Pub,-1.2560466,36.8670407
2280687624,Terminus pub,Bar/Pub,-1.2527277,36.8669372
2280687638,adopt a light,Bar/Pub,-1.2534231,36.8675896
2280687647,adopt a light,Bar/Pub,-1.2540232,36.8655829
2280687657,adopt a light,Bar/Pub,-1.2546714,36.8675964
2280687661,adopt a light,Bar/Pub,-1.2549354,36.8667903
2280687668,adopt a light,Bar/Pub,-1.25605,36.8649483
2280687670,friends corner pub,Bar/Pub,-1.2557105,36.8659739
2280687674,members pub,Bar/Pub,-1.2522571,36.8686614
2280687678,metro pub,Bar/Pub,-1.2522125,36.868502
2280687681,pouwa beiz pub,Bar/Pub,-1.2561186,36.866708
2285465034,Adopt a light,Bar/Pub,-1.2562225,36.8644345
2285465039,Choma zone bar,Bar/Pub,-1.2603961,36.8604786
2285465044,Kagaa bar,Bar/Pub,-1.258339,36.8617037
2285465046,Phearic bar,Bar/Pub,-1.2629546,36.8576379
2286546994,adapt alight,Bar/Pub,-1.252026,36.8687363
2286564299,Annitas Pub,Bar/Pub,-1.2506539,36.8756963
2286564304,Ngura Pub,Bar/Pub,-1.2546429,36.8667774
2286564314,Valley one Pub,Bar/Pub,-1.2509023,36.8744568
2286564328,adapt alight,Bar/Pub,-1.2493166,36.8761932
2286564335,adapt alight,Bar/Pub,-1.249357,36.8751444
2286564358,adapt alight,Bar/Pub,-1.2518526,36.8743181
2286564363,adapt alight,Bar/Pub,-1.253445,36.8676053
2286584224,Adopt a light,Bar/Pub,-1.2625359,36.8652715
2286584226,Starehe bar,Bar/Pub,-1.260729,36.864987
2288825574,Kiriko tarvern,Bar/Pub,-1.2523751,36.8757653
2288874423,Adopt alight,Bar/Pub,-1.2626234,36.8495038
2288874425,Hot spot zone,Bar/Pub,-1.2604267,36.8644466
2288874426,Rockery ghetto bar,Bar/Pub,-1.2644109,36.848718
2295732242,Adopt alight,Bar/Pub,-1.2644682,36.8582538
2295732245,Hot spot zone,Bar/Pub,-1.2552035,36.8636246
2296882736,New level 4 pub,Bar/Pub,-1.2522945,36.8691513
2296882744,adopt a light,Bar/Pub,-1.2522132,36.8670147
2296882746,adopt a light,Bar/Pub,-1.2533459,36.8693892
2302246426,Egesa pub,Bar/Pub,-1.253049,36.8725012
2302246427,Hi-tec bar,Bar/Pub,-1.2525459,36.8725174
2302246479,Migingo base poa,Bar/Pub,-1.2529568,36.8720724
2303439723,solo's pub,Bar/Pub,-1.2596598,36.8689255
2303557820,Adopt alight,Bar/Pub,-1.2644209,36.8486975
2303557821,Adopt alight,Bar/Pub,-1.2644377,36.8487207
2304805709,Hot spot,Bar/Pub,-1.2576118,36.8785675
2304867900,Adopt alight,Bar/Pub,-1.2613286,36.8507863
2304868045,Adopt alight,Bar/Pub,-1.2653105,36.848779
2304868129,Security light,Bar/Pub,-1.2655996,36.8492042
2316804206,Bachelors bar,Bar/Pub,-1.2535848,36.8620519
2316804211,Burudika Pub,Bar/Pub,-1.2535731,36.8618599
2316804212,Home pub,Bar/Pub,-1.2546638,36.8631488
2316804213,New califonia pub,Bar/Pub,-1.2535494,36.8618262
2316804214,Seasons wines and spirit,Bar/Pub,-1.2535899,36.8617432
2316804215,Tha trace pub,Bar/Pub,-1.2544396,36.8618069
2316804216,Trolleys pub,Bar/Pub,-1.2535909,36.8616485
2316804217,Tuthos pub,Bar/Pub,-1.2535469,36.8618842
2316813534,Adopt alight,Bar/Pub,-1.2533713,36.8628991
2316813572,Blue pub,Bar/Pub,-1.2534192,36.862439
2316813597,Family pub,Bar/Pub,-1.2534823,36.862889
2316813606,Kanini bar,Bar/Pub,-1.2538159,36.8621529
2316813639,Obomo wines and spirit,Bar/Pub,-1.253317,36.8629403
2316813672,Wamutheu bar,Bar/Pub,-1.253843,36.8621419
2321690957,Dani dani pub,Bar/Pub,-1.2547912,36.8670959
2321690965,Drive-inn dans pub,Bar/Pub,-1.2525419,36.8654278
2321690972,Early villa pub,Bar/Pub,-1.2541782,36.8633715
2321690979,Georges pub,Bar/Pub,-1.2528733,36.8653775
2321690989,Jay cee wines and spirits,Bar/Pub,-1.2548788,36.8668882
2321690997,Members baze pub,Bar/Pub,-1.2534943,36.8625742
2321690998,Nderemo pub,Bar/Pub,-1.2532761,36.8629267
2321691001,kwetu pub,Bar/Pub,-1.2531293,36.8640723
2330383414,Sirezz bar,Bar/Pub,-1.2480003,36.8730933
2330383427,Urban wines and spirit,Bar/Pub,-1.2486478,36.8727487
2335081298,Adopt alight,Bar/Pub,-1.2620221,36.8569259
2335081299,Cornner bar,Bar/Pub,-1.2619705,36.8583764
2335081301,Jonney bar,Bar/Pub,-1.2614244,36.8597637
2335081302,Joscon sport bar,Bar/Pub,-1.2618922,36.8571555
2338994745,Adopt alight,Bar/Pub,-1.2652468,36.8454338
2339024728,Nigeria hotspot zone,Bar/Pub,-1.2654425,36.8500651
2339025110,security light,Bar/Pub,-1.2667276,36.8441648
2344361865,Naivas Supermarket,Supermarket,-1.2326846,36.8734785
2405823294,Omax Pub,Bar/Pub,-1.2480267,36.886254
2405829021,Bunyix supermarket,Supermarket,-1.240963,36.8842308
2405829029,Mini price supermarket,Supermarket,-1.244272,36.8885053
2405829038,Top view supermarket,Supermarket,-1.2409649,36.8836055
2405854925,Riverside supermarket,Supermarket,-1.246407,36.8789364
2405883337,Happy view,Supermarket,-1.2397586,36.8980003
2405883344,Nyar jimo shop,Supermarket,-1.2438304,36.8916039
2405885982,Jasiaya Shop,Convenience/Duka,-1.24756,36.8830022
2405885984,Jovena Mini Market,Supermarket,-1.2474314,36.8843279
2405886008,Unnamed Store,Bar/Pub,-1.2466782,36.8843807
2433372287,Chandarana Supermarket,Supermarket,-1.2611134,36.8392325
2511478398,Mercury,Bar/Pub,-1.2977284,36.7623917
2511478541,Zucchini,Supermarket,-1.2981386,36.7633609
2511481507,Sunrise Casino,Bar/Pub,-1.2979,36.7632284
2627546559,Panda Mart,Supermarket,-1.3434274,36.7649647
2629490949,The Cask & Kitchen,Bar/Pub,-1.2024851,36.7853531
2682435033,Unnamed Store,Supermarket,-1.2595581,36.8164249
2705291183,Double Touch,Supermarket,-1.2485671,36.7973605
2716902800,Unnamed Store,Bar/Pub,-1.3071655,36.786514
2794547724,MAD HOUSE,Bar/Pub,-1.2841264,36.8185164
2849789426,Very Local Bar,Bar/Pub,-1.288619,36.8032649
2849791401,Orkley Base,Bar/Pub,-1.2888685,36.8021762
3010249231,Magunas Supermarket Kahawa Wendani,Supermarket,-1.1964107,36.924343
3032456378,Satellite Supermarket,Supermarket,-1.2862317,36.8907031
3032456381,Nabuto Supermarket,Supermarket,-1.2852411,36.8941738
3032456386,Sango Pub,Bar/Pub,-1.2868247,36.8946777
3032456387,Jeska Supermarket,Supermarket,-1.2878047,36.8914782
3032456388,Dimples Supermarket,Supermarket,-1.2847299,36.8842314
3032456395,Mesora Supermarket,Supermarket,-1.279382,36.8776177
3183497018,Tuskys Supermarket,Supermarket,-1.2605605,36.7098081
3234081399,3 Barz,Bar/Pub,-1.2648972,36.8105872
3336751389,QuickMart Jipange,Supermarket,-1.233328,36.8727567
3519375335,Ngong Provision Supermarket,Supermarket,-1.3618393,36.6539962
3519591065,Naivas Supermarket,Supermarket,-1.3424217,36.666215
3519591083,Karen Provisions Store (KPS),Supermarket,-1.3233844,36.7070292
3549816513,"Bobby""s Place",Bar/Pub,-1.3488543,36.6606134
3585213906,P & G Supa Duka,Convenience/Duka,-1.3581888,36.65575
4002241292,Unnamed Store,Bar/Pub,-1.3071178,36.7864844
4075659130,Foodplus Chandarana Adlife,Supermarket,-1.2944514,36.7872314
4324873069,Sweetworld supermarket,Supermarket,-1.2455231,36.6642037
4324873131,Kikuyu Selfridges Supermarket,Supermarket,-1.2453053,36.6623886
4324873818,Antraca Supermarket,Supermarket,-1.2447814,36.665433
4324874801,Space pub,Bar/Pub,-1.2444095,36.662446
4324883800,Fairmat supermarket,Supermarket,-1.2446385,36.6635924
4324895094,Kikuyu Selfridges Pioneer branch,Supermarket,-1.2456208,36.6653765
4326570022,Kaskazine,Bar/Pub,-1.2453481,36.6629193
4348537821,Carrefour,Supermarket,-1.3209012,36.7043116
4353511956,"Neibas Supermarket, Lang'ata",Supermarket,-1.3221852,36.773682
4355628531,Penny Supermarket,Supermarket,-1.3258264,36.7917343
4414011091,Bacchu's Lounge,Bar/Pub,-1.2642789,36.8044754
4414032389,Bahama Breeze,Bar/Pub,-1.2639823,36.804242
4421833595,Naivas South C,Supermarket,-1.3219424,36.8271459
4455403089,The Alchemist,Bar/Pub,-1.2625893,36.8037086
4541072192,George's place,Bar/Pub,-1.2047216,36.9686321
4550383889,Scratch,Bar/Pub,-1.2842082,36.824252
4739716934,Cleanshelf Supermarket,Supermarket,-1.2673913,36.9052027
4793984321,Naivas Ruaraka,Supermarket,-1.2476349,36.8726223
4823712522,Game Stores Kenya,Supermarket,-1.2320445,36.8782614
4838514230,Bonjour,Supermarket,-1.3281089,36.8827871
4992175630,Cleanshelf,Supermarket,-1.3967854,36.7530217
5166881629,Roots,Bar/Pub,-1.2691846,36.8480081
5221207080,The Avery Lounge,Bar/Pub,-1.2797772,36.965096
5221207082,Quickmart Utawala,Supermarket,-1.28279,36.9596243
5269521621,Quickmart Kikuyu,Supermarket,-1.279699,36.712348
5300683821,Eagle Plains Estate,Convenience/Duka,-1.3265027,36.8550084
5316134843,Crying Stone Bar & Butchery,Bar/Pub,-1.3156336,36.7935294
5323513222,Privee Westlands,Bar/Pub,-1.2647816,36.8040575
5327750076,Kamindi Self Ridges Supermarkets,Supermarket,-1.1708927,36.8277829
5327764144,Cleanshelf Supermarkets,Supermarket,-1.1701365,36.8273277
5327773631,SmartHome Supermarkets,Supermarket,-1.1695615,36.8268415
5327798081,Rubir's Mini Market,Supermarket,-1.1716795,36.8409541
5327799784,Jambo Car Wash & Pub,Bar/Pub,-1.1725409,36.8420759
5327914195,Linkers Pub,Bar/Pub,-1.1717473,36.8429246
5327920928,Aquarium Cabannas,Bar/Pub,-1.2066515,36.8325252
5328489329,Naivas,Supermarket,-1.2647994,36.802732
5330422210,Mbukaki Bar & Restaurant,Bar/Pub,-1.2296616,36.8414447
5330933748,Coco Jambo Valley Arcade,Bar/Pub,-1.2925684,36.7703707
5330949488,Chandarana Foodplus Supermarket (Lavington Branch),Supermarket,-1.2802139,36.7704244
5331560838,Jowac Sports Bar,Bar/Pub,-1.1928386,36.7468748
5331560839,Simpsons Makuti.,Bar/Pub,-1.1918183,36.7442301
5331594364,Cleanshelf Supermarket,Supermarket,-1.2073328,36.7858025
5331679458,Total,Convenience/Duka,-1.2351942,36.7490294
5333304037,Village Supermarket,Supermarket,-1.2836202,36.7587244
5333315842,That Place,Bar/Pub,-1.2835828,36.7627887
5334825305,HassConsult Ltd;Chandarana Food Plus Supermarkets Ltd.,Supermarket,-1.2598277,36.7772994
5334826919,Zucchini Greengrocers Limited - ABC Place,Supermarket,-1.2597944,36.7775298
5334971802,Joyway Supermarket Githembe,Supermarket,-1.2948764,36.7475484
5336231186,Kirigiti Supermarket,Supermarket,-1.1716999,36.8420849
5339089385,Volcano Bar & Restaurant,Bar/Pub,-1.2905295,36.7524874
5339094892,Ambo Gardens,Bar/Pub,-1.2837139,36.7613488
5339103766,207 Lounge Bar,Bar/Pub,-1.2864132,36.7580015
5339103767,Eden suite and lounge,Bar/Pub,-1.2913576,36.761746
5339423498,Fruity Fruits,Supermarket,-1.2704697,36.8117014
5339443748,Capital Club East Africa,Bar/Pub,-1.2685931,36.8074876
5339455100,Marquee Sky Bar and Lounge,Bar/Pub,-1.26489,36.8065048
5340430968,Budhaa Bar,Bar/Pub,-1.265953,36.8021175
5340436204,Gipsy Bar,Bar/Pub,-1.263611,36.8016887
5340456254,Tapas Ceviche Bar,Bar/Pub,-1.2569188,36.8028616
5340592421,Maya Lounge Nairobi,Bar/Pub,-1.2517785,36.8044852
5340939007,Highridge Superduka,Supermarket,-1.2610898,36.8214404
5340979321,Tuskys Agakhan,Supermarket,-1.2627049,36.824075
5340985657,"Spartans Lounge, Jewel Stone Hotel",Bar/Pub,-1.2586853,36.8215624
5343446503,Tharaini,Bar/Pub,-1.2002284,36.8354897
5343446504,Home Choice Supermarket,Supermarket,-1.1998961,36.8356185
5343809421,Broadline Supermarket,Supermarket,-1.2729908,36.8189504
5348815007,Scotchies Lounge,Bar/Pub,-1.2259443,36.8400524
5349001060,Muthaiga Mini Market,Supermarket,-1.2499124,36.8203818
5352466007,QuickMart,Supermarket,-1.2640185,36.802103
5352499095,Essentials MART,Supermarket,-1.2379507,36.8104691
5352782744,Chandarana FoodPlus Roslyn Riviera,Supermarket,-1.215895,36.7996164
5353042838,Pub Grub Bar & Bistro,Bar/Pub,-1.3205678,36.7034814
5353848943,Carrefour,Supermarket,-1.2111952,36.7948636
5356691970,The Curragh Irish Pub & Bistro,Bar/Pub,-1.3113227,36.7406133
5356821145,Karen Oasis Pub & Restaurant,Bar/Pub,-1.3287859,36.71907
5356847350,The Stranger's Eve,Bar/Pub,-1.3386428,36.7018978
5360202695,Hidden Agenda,Bar/Pub,-1.2616583,36.8017852
5360807820,Chandarana Food Plus Supermarkets Ltd.,Supermarket,-1.323348,36.7068445
5372421003,Yates Pub,Bar/Pub,-1.3237017,36.7966855
5372421005,MDCCCXXIV,Bar/Pub,-1.3061181,36.8204211
5372450529,Psys Reloaded,Bar/Pub,-1.3121191,36.8169627
5372450532,Taidy's Restaurant,Bar/Pub,-1.3122027,36.8173388
5378425156,Unnamed Store,Bar/Pub,-1.3002565,36.8154476
5380534549,"Shebeen, The Bar",Bar/Pub,-1.2998486,36.8119692
5401775754,Five one,Bar/Pub,-1.2996712,36.8004929
5411903689,JD's Supermarket,Supermarket,-1.2992193,36.7654797
5412285970,The Orchid Lounge & Grill,Bar/Pub,-1.3012987,36.7712159
5412286143,Pablo's Wines And Spirits,Bar/Pub,-1.2998195,36.7788248
5412286154,S.S Lounge Shisha Place,Bar/Pub,-1.3007066,36.7792166
5412286175,Frankies Sports Bar & Grill,Bar/Pub,-1.3010146,36.782066
5414008447,Body Zone Spa & Laundry,Bar/Pub,-1.2981223,36.7890099
5414008470,Capricorn Bar,Bar/Pub,-1.3005832,36.7867638
5414008480,Caribian Bar & Accomodation,Bar/Pub,-1.3005313,36.7876369
5414008487,The Sport Pool Bar,Bar/Pub,-1.3000406,36.7846643
5414008506,Rustic Sheesha Lounge,Bar/Pub,-1.2992073,36.7847075
5414008563,Mchana Pub & Grill,Bar/Pub,-1.2990075,36.78756
5414248196,KIZA Restaurant and Lounge,Bar/Pub,-1.2909763,36.7827045
5414280536,Ozone BAR,Bar/Pub,-1.2929046,36.7895861
5414280546,Sierra Brasserie,Bar/Pub,-1.2929034,36.7876096
5414280565,KTV Karaoke bar,Bar/Pub,-1.2944362,36.7869472
5414280569,Bleau LOUNGE,Bar/Pub,-1.294783,36.7877993
5414280574,Terminal 2 Bar,Bar/Pub,-1.2940612,36.7877038
5414335620,Sippers Bar,Bar/Pub,-1.2943239,36.79841
5414335721,Safeway Hypermarkets,Supermarket,-1.2945013,36.7983291
5416191461,Burrito Bar,Bar/Pub,-1.2908634,36.8074714
5448456554,Lillies Supermarket,Supermarket,-1.1867956,36.9068671
5448459889,Cleanshelf Kahawa West,Supermarket,-1.1838203,36.9013427
5464900571,Mend-A-Bath Kenya Ltd,Supermarket,-1.3288435,36.717518
5470451922,Game Supermarket,Supermarket,-1.2322899,36.8784643
5470465022,Natives Sports Bar & Grill,Bar/Pub,-1.2355871,36.872761
5475006722,G-skyye Lounge,Bar/Pub,-1.267901,36.8111348
5496066044,Sacha Supermarket,Supermarket,-1.2870384,36.8523838
5496079283,Naivas Supermarket Buruburu,Supermarket,-1.2946861,36.8759599
5515452611,Cool summer pub/lodgings,Bar/Pub,-1.3102388,36.8738911
5539620101,Nilkanth General Supermarket,Supermarket,-1.2733518,36.8175947
5540761516,Brew Bistro Rooftop Westlands,Bar/Pub,-1.2648843,36.803928
5540763587,Smart Home Supermarket,Supermarket,-1.2204482,36.7130682
5541744495,Blue Sky,Convenience/Duka,-1.2086587,36.7997072
5552257961,Skylux Lounge,Bar/Pub,-1.2655547,36.8047677
5552396271,Klub Geez,Bar/Pub,-1.2823635,36.825031
5555074037,Uchumi Supermarket,Supermarket,-1.2870826,36.8252547
5555074071,Karrymart Downtown Supermarket,Supermarket,-1.2872919,36.8269277
5555074075,Naivas Development House Moi Avenue,Supermarket,-1.2882631,36.8273494
5555704200,Railways Club Hall,Bar/Pub,-1.2927031,36.8177693
5564031097,oriat bar,Bar/Pub,-1.2572369,36.8856775
5569591304,My Shop,Convenience/Duka,-1.2987552,36.8369282
5580878002,Thiongo Mountain Bar & Rest,Bar/Pub,-1.2650269,36.737457
5580938676,Bottom Line Supermarket,Supermarket,-1.2682273,36.7537694
5588931918,Saltes Supermarket,Supermarket,-1.4290899,36.6871569
5704350348,ng'ash pub,Bar/Pub,-1.3111149,36.8745525
5704350354,shiku's pub,Bar/Pub,-1.3112974,36.8723956
5704350355,keg pub,Bar/Pub,-1.31159,36.8723225
5704456198,sinai,Bar/Pub,-1.3093338,36.8788952
5726182620,Beyond Fruits,Supermarket,-1.2295138,36.840544
5743459430,Powerstar Express Supermarket,Supermarket,-1.2063204,36.8942985
5743474194,Powerstar supermarket,Supermarket,-1.2093562,36.8941279
5751634183,Tapas Ceviche Bar,Bar/Pub,-1.2502445,36.7853797
5854155623,Mama Rocks Gourmet Burgers,Bar/Pub,-1.2920569,36.7822257
5871155377,vspace.ke,Supermarket,-1.2847155,36.8303338
5886553697,Quickmart,Supermarket,-1.2708939,36.9968775
5922561887,Gossip Bar and Restaurant,Bar/Pub,-1.3997434,36.9441708
5927103485,The Isabella,Bar/Pub,-1.2779204,37.0314278
5940570587,Shell Select,Convenience/Duka,-1.2690908,36.8172823
5960561285,Pride Lounge,Bar/Pub,-1.3329777,36.924206
6063671546,L8 Lounge & Grill,Bar/Pub,-1.1506065,36.8044981
6064156807,Kamindi Supermarket,Supermarket,-1.1718603,36.8289734
6084050127,Tuskys;Turskys,Supermarket,-1.3006632,36.779892
6103385713,Skymart Supermarket,Supermarket,-1.2876151,36.8931932
6105059956,Tuskys,Supermarket,-1.2496322,36.8613539
6116636152,(Nn) Mwalimu Supermarket & Wholesale,Supermarket,-1.1592002,36.7442109
6126721035,Tuskys Supermarket,Supermarket,-1.2926791,36.8218813
6135412074,The Tankard,Bar/Pub,-1.3002769,36.7566071
6135414714,Pathway Hotel,Bar/Pub,-1.3053305,36.7425518
6140597685,Cleanshelf,Supermarket,-1.2810206,36.9058727
6141845872,Starfire Lounge,Bar/Pub,-1.2783343,36.7695875
6171147716,Chiknik Distributors,Supermarket,-1.2705182,36.8118184
6173489654,Neema Supermarket,Supermarket,-1.2570221,36.9226773
6173489655,Hill Mart Supermarket,Supermarket,-1.2569895,36.9225076
6174266744,Pitcher & Butch,Bar/Pub,-1.2682153,36.8116578
6200899869,Oak Point Centre,Bar/Pub,-1.1544698,36.923347
6200899876,Bejo's Bar and Grill,Bar/Pub,-1.1516568,36.9393571
6207341892,Club Mingles Ruiru Wataalam,Bar/Pub,-1.1566617,36.9463093
6207546828,Souk Bazaar,Supermarket,-1.3237125,36.8430676
6207691403,Governors Lounge Mombasa Road,Bar/Pub,-1.3304599,36.8631118
6207692007,Tuskys Supermarket (Chap Chap Libra),Supermarket,-1.3316099,36.8666226
6208217407,Embakasi Village Curio KwabJason,Bar/Pub,-1.3329373,36.8936144
6210101375,Empire place,Bar/Pub,-1.3810101,36.9276862
6210101814,Utake Coffee Limited,Convenience/Duka,-1.3799541,36.9393067
6210202321,Walk N Shop Supermarket,Supermarket,-1.3950322,36.9396628
6210202609,Mulley's Supermarket,Supermarket,-1.3973987,36.9424804
6210202640,Petmak Supermarket,Supermarket,-1.3949856,36.9408956
6210243617,Beyond Fruits,Supermarket,-1.417872,36.953624
6212601034,Molly's Pub,Bar/Pub,-1.2641351,36.8040504
6212601037,The Gallery,Bar/Pub,-1.262429,36.8023974
6216321652,Daveg Stores,Supermarket,-1.3333292,36.6754291
6216321653,Check point pub,Bar/Pub,-1.3339611,36.6750629
6216321654,Sweet World Supermarket Ltd,Supermarket,-1.3339865,36.6740295
6216321670,Club Pintmen,Bar/Pub,-1.3484275,36.661235
6216322009,Tuskys Milele Mall,Supermarket,-1.3583435,36.6574009
6216376869,Naivas Supermarket,Supermarket,-1.3619582,36.6551417
6216376870,Sweet World Supermarket,Supermarket,-1.3622431,36.6549678
6218081303,Powerstar Supermarket Kasarani,Supermarket,-1.2175238,36.8968326
6218304908,Tuskys Supermarket (Chap Chap Matasia),Supermarket,-1.383046,36.67659
6218487561,Chick Joint Bar And Grill,Bar/Pub,-1.4289593,36.6888572
6218487562,Elly's Bar And Restaurant,Bar/Pub,-1.4283651,36.6897242
6218487563,Shell,Convenience/Duka,-1.4308244,36.68726
6218487578,Bob's Bar and Restaurant,Bar/Pub,-1.4219578,36.697009
6218490085,Red Bull Bar & Restraurant,Bar/Pub,-1.4127791,36.711336
6218490086,Highland Self-service Store Kamura,Supermarket,-1.4070389,36.7080668
6218599563,Tuskys Supermarket (Chap Chap Ongata),Supermarket,-1.3963218,36.741004
6218698881,Bonitas,Bar/Pub,-1.3974354,36.7589509
6218698884,Manyatta Pub,Bar/Pub,-1.3966727,36.7599587
6224884285,Esiet wines and spirits,Bar/Pub,-1.3401973,36.7502721
6224913778,Grit Supermarket,Supermarket,-1.2527193,36.8564277
6224915281,Mulika Mini Market,Supermarket,-1.2341466,36.8706834
6224915422,Carrefour,Supermarket,-1.2200834,36.8890738
6247215842,Liquid Lounge,Bar/Pub,-1.2356675,36.8738228
6249063079,Dorte Everfresh Grocery & Cereals,Supermarket,-1.2187615,36.8992809
6249063080,Kassmatt Supermarket,Supermarket,-1.2181843,36.8994027
6249063489,Kuhura Kanua Pub,Bar/Pub,-1.2177197,36.897623
6249063499,Wabuti Supermarket,Supermarket,-1.2194778,36.8950718
6249063507,Progressive Bar,Bar/Pub,-1.2169141,36.8968081
6249063511,Famcon Supermarket,Supermarket,-1.2171221,36.9002679
6249063519,Jikuze Supermarket,Supermarket,-1.2185624,36.9025645
6249063520,"LeasherMatt Supermarket,Kasarani",Supermarket,-1.2185431,36.90277
6249063530,Kasamat Supermarket,Supermarket,-1.2170266,36.9032137
6249063535,Slymac Mini Mart,Supermarket,-1.2145401,36.9042012
6249168563,Hunters Pub,Bar/Pub,-1.2270572,36.917641
6249168567,Albertos Bar,Bar/Pub,-1.230002,36.919701
6249168568,Thikamatt,Supermarket,-1.2298871,36.927337
6249168600,Rongai supermarket,Supermarket,-1.2353459,36.9331809
6249434332,Kassmatt Supermarket,Supermarket,-1.2356239,36.9339528
6249531815,Gesta Supermarket,Supermarket,-1.2154377,36.8954672
6249531828,Club Truth,Bar/Pub,-1.2115941,36.903848
6249531854,Kassmat Supermarket,Supermarket,-1.2041822,36.9159467
6249531855,Githurai Roundabout Bar & Lodge,Bar/Pub,-1.2034622,36.9158753
6249531858,Kassmat Jumbo Supermarket,Supermarket,-1.2052074,36.9175137
6249531859,"Naivas Supermarket, Githurai Branch.",Supermarket,-1.2054662,36.9177571
6249532188,Queens Lounge,Bar/Pub,-1.1979522,36.9235124
6249723206,Gorilla Lounge,Bar/Pub,-1.190711,36.9300059
6249723220,Kuzima Shugee,Bar/Pub,-1.190238,36.9306723
6249723234,QuickMart Kahawa Sukari,Supermarket,-1.1893668,36.9323234
6249723235,Pints Makuti,Bar/Pub,-1.1887879,36.9327468
6249723385,Nyandis Supermarket,Supermarket,-1.1952105,36.9463869
6251534665,Miga Spring Bar N Restaurant,Bar/Pub,-1.1651693,36.9602471
6251534666,Smallvilla Pub And Restaurant,Bar/Pub,-1.1632951,36.9541996
6251534674,Leestar Supermarket,Supermarket,-1.1597977,36.958185
6251534675,Leestar Supermarket,Supermarket,-1.1594233,36.9583474
6251561786,Tulia Petals Gardens,Bar/Pub,-1.2515914,36.6867521
6251561790,Muthiga Inn,Bar/Pub,-1.2498392,36.6843236
6251561796,Tumaini Pub,Bar/Pub,-1.2582706,36.7035579
6251561798,Princess Pub,Bar/Pub,-1.259512,36.7079973
6251561799,Entumo Lounge,Bar/Pub,-1.2604857,36.7091985
6257561356,Camp David Club and Restaurant,Bar/Pub,-1.2496287,36.8204575
6257561364,Carrefour,Supermarket,-1.2278982,36.8055626
6257722319,Choppies Supermarket Kiambu,Supermarket,-1.1649984,36.8243212
6259798902,Kutan Pub,Bar/Pub,-1.3082512,36.9103268
6259798909,Jack D Pub,Bar/Pub,-1.3094026,36.90152
6259798910,BlackOut Pub,Bar/Pub,-1.3098589,36.9006105
6259798912,Jacknice Supermarket,Supermarket,-1.3120376,36.8989506
6259798914,Harakisha Mini-Market,Supermarket,-1.3120147,36.8956399
6259798922,Amazon 'S' Lounge,Bar/Pub,-1.3213904,36.8971432
6259798926,Park Inn,Bar/Pub,-1.3201995,36.8979568
6259798931,Tumaini Supermarket,Supermarket,-1.3168308,36.8960005
6259798933,Pipeline Estate Bar,Bar/Pub,-1.3169511,36.8943815
6259798934,Fun Zone Club,Bar/Pub,-1.3174321,36.8929684
6259798935,QuickMart,Supermarket,-1.3137528,36.8949022
6259798944,Mashinani Bar,Bar/Pub,-1.3016133,36.8896142
6259798945,Space Bar and Pork Center,Bar/Pub,-1.3018103,36.8899478
6259798952,Migingo Green,Bar/Pub,-1.29855,36.8903839
6259798953,Tylers Pub,Bar/Pub,-1.2984456,36.8907443
6259798954,Bruids Pub And Grill,Bar/Pub,-1.2984484,36.8911668
6259798978,Vista Lounge,Bar/Pub,-1.2882471,36.9043528
6259860357,Top Up Grill & Lounge,Bar/Pub,-1.2812221,36.9056869
6259860361,Blitz,Bar/Pub,-1.28523,36.8992177
6259860363,Venchaz Pub,Bar/Pub,-1.2918123,36.8906071
6259860368,Super Deals Supermarket Real,Supermarket,-1.2893383,36.8876825
6259860370,Tents Buruburu,Bar/Pub,-1.2865905,36.8801315
6259860372,"Club Winds, Buru Buru",Bar/Pub,-1.2851384,36.8802684
6259860373,Taurus Lounge Buruburu,Bar/Pub,-1.2849575,36.8802195
6259860374,Latitude Pub,Bar/Pub,-1.2852557,36.8798967
6259924661,Benrose Fast Foods,Bar/Pub,-1.2751233,36.893422
6259924663,club dajoski,Bar/Pub,-1.2750616,36.889228
6285373685,Connect Coffe Roasters,Bar/Pub,-1.2720948,36.806694
6324976684,Unnamed Store,Supermarket,-1.1890825,36.9211529
6395368822,QuickMart,Supermarket,-1.2899363,36.773464
6397775451,Joy Land Supermarket,Supermarket,-1.2046459,36.7768286
6397800321,ShopRite,Supermarket,-1.2331317,36.8787963
6740059285,Dagoz Bar,Bar/Pub,-1.2994239,36.757906
6808000182,Interchange Motel,Bar/Pub,-1.4294686,36.9677055
6812208450,Bailey's Grill,Bar/Pub,-1.3095472,36.8931752
6812208454,Muthoni's Pub,Bar/Pub,-1.3234784,36.8838239
6817315475,The Homiez Pub & Shisha Joint,Bar/Pub,-1.3085807,36.9114553
6817315478,Harry's Tavern,Bar/Pub,-1.2828891,36.9021754
6817315479,Corna View Place,Bar/Pub,-1.2824582,36.9026666
6817327485,Friends Corner,Bar/Pub,-1.2809909,36.9004381
6817327503,Egesa Villa,Bar/Pub,-1.2826959,36.8882326
6817508249,Horizon Bar,Bar/Pub,-1.2921485,36.8543271
6819685082,Nyama Villa Annex,Bar/Pub,-1.2759752,36.9087611
6819692385,Unnamed Store,Bar/Pub,-1.2750548,36.9103533
6819692386,Makuti Bar,Bar/Pub,-1.2753117,36.9102749
6819930249,Akwaaba Bar,Bar/Pub,-1.2682712,36.9116562
6819930254,Maryland,Supermarket,-1.2648803,36.9092695
6819930274,Chokmatt,Supermarket,-1.250212,36.9529649
6819983091,Miami Ruai,Bar/Pub,-1.2636923,36.9824973
6826671305,Mamboz,Bar/Pub,-1.2285705,36.9189122
6826671312,Sweet Waters,Bar/Pub,-1.2182202,36.8947474
6827309037,Kass pub,Bar/Pub,-1.2178922,36.8897058
6827309039,The Bar Chef Mojitos Cocktail,Bar/Pub,-1.2172348,36.8912336
6827309040,Bourbon Sports,Bar/Pub,-1.2157858,36.8888044
6827309041,Admart,Supermarket,-1.2154465,36.8886373
6827309042,Roymatt Supermarket,Supermarket,-1.215875,36.8880723
6827309043,The Cedars,Bar/Pub,-1.2155209,36.8880375
6827320489,The Attic Lounge,Bar/Pub,-1.2126486,36.8914679
6827320495,Budget,Supermarket,-1.2132465,36.8945034
6827320497,Jifiche Grill,Bar/Pub,-1.2141686,36.8830643
6830400015,Plan B Butchery,Bar/Pub,-1.3083377,36.8240962
6830686429,Cocos,Bar/Pub,-1.3072213,36.8192927
6830686431,B78...,Bar/Pub,-1.321734,36.8013825
6830686433,Academia Bryce LA,Bar/Pub,-1.3223356,36.797536
6830686434,Kisima Bar,Bar/Pub,-1.3213817,36.797758
6840641664,White House,Bar/Pub,-1.3061673,36.7379984
6875539909,Jips Wines and Spirits,Bar/Pub,-1.2521532,36.9531056
6959344385,Two grapes,Bar/Pub,-1.2965313,36.7940805
7008108322,MASKANI BARBECUE,Bar/Pub,-1.1982219,36.8365617
7063939436,Fifth Round Lounge and Bar,Bar/Pub,-1.3070067,36.8023008
7066575088,Gates,Bar/Pub,-1.2810068,36.9641731
7067218934,Blacky'z Lounge,Bar/Pub,-1.2927913,36.7915287
7169519863,Carrefour,Supermarket,-1.3205663,36.703824
7175160075,Diaspora Lounge,Bar/Pub,-1.3972919,36.7510979
7175160078,Quickmart Rongai Main,Supermarket,-1.3922607,36.7658269
7291845166,Naivas Freedom Heights Mall,Supermarket,-1.3220082,36.8021359
7340161792,Jamuhuri Shopping Centre,Convenience/Duka,-1.3042465,36.7712894
7341263969,Chandarana Food Plus Supermarket Ltd.,Supermarket,-1.2583562,36.8184573
7679232307,Unnamed Store,Supermarket,-1.2957736,36.828251
7846414730,Naivas Food Market,Supermarket,-1.3579769,36.908198
7846414731,The Tunnel,Bar/Pub,-1.3542114,36.9056256
7853571442,Ravers Paradise,Bar/Pub,-1.2051779,36.7877099
7861912354,Thome Deluxe,Bar/Pub,-1.2114533,36.87461
7861912361,Timau,Bar/Pub,-1.2099136,36.894091
7981117274,Bar,Bar/Pub,-1.3071512,36.7862244
8120334793,Dil Mart Supermarket,Supermarket,-1.3049584,36.9019018
8120371183,Sting Lounge(Kwa Makena),Bar/Pub,-1.3024487,36.9007163
8120384566,Mtwapa Louge Pub,Bar/Pub,-1.3035708,36.9027966
8120475934,Baraka Estate Shopping Mall,Supermarket,-1.2982231,36.9122799
8120513756,Unnamed Store,Bar/Pub,-1.3088857,36.9017005
8130425855,Makuti Bar & Grill,Bar/Pub,-1.3007243,36.9098405
8164646791,Naivas,Supermarket,-1.2824691,36.8159837
8168643398,Club cocoliche,Bar/Pub,-1.304793,36.9173898
8168762000,Naivas Supermarket Fedha,Supermarket,-1.3086332,36.9024681
8202067663,Otomatt Supermarket Ruai,Supermarket,-1.2786595,37.0304824
8202067665,Waecon,Supermarket,-1.2815842,37.0795725
8210168933,Cleanshelf Supermarket,Supermarket,-1.3241498,36.7828298
8213846285,QuickMart,Supermarket,-1.2849108,36.8313768
8231195976,Magunas Utawala,Supermarket,-1.279245,36.965925
8237558559,QuickMart,Supermarket,-1.2636307,36.7634333
8247882581,Quick Mart Eastern Bypass,Supermarket,-1.1673336,36.9637655
8247882585,@1.7 Lounge,Bar/Pub,-1.1711237,36.9715399
8247882588,Club Studio,Bar/Pub,-1.179689,36.9864421
8262131328,Lifestyle (Kwa Bony),Bar/Pub,-1.302594,36.9033866
8289646475,The Stable Lounge,Bar/Pub,-1.1537673,36.9612401
8293614660,Neibaz lounge,Bar/Pub,-1.1733672,36.9771598
8293614665,Bon Marche,Bar/Pub,-1.2571608,36.9849562
8296786366,QuickMart,Supermarket,-1.3136754,36.9150496
8296786372,5Q Lounge,Bar/Pub,-1.2735919,36.8779234
8296786373,Harmony Pub,Bar/Pub,-1.265767,36.8801731
8300023514,QuickMart,Supermarket,-1.1834606,36.9015993
8318718275,Powerstar,Supermarket,-1.2427669,36.6648469
8321307633,THE HIDEOUT LOUNGE,Bar/Pub,-1.2806067,36.6575359
8334730753,Quiver Lounge & Grill Thika Road,Bar/Pub,-1.2312026,36.8768875
8338714157,Druids Lounge,Bar/Pub,-1.2599239,36.910985
8338714159,Snowbell Club,Bar/Pub,-1.2707876,36.8998192
8338714161,Hb Pub Umoja,Bar/Pub,-1.2790479,36.8886572
8342029551,Naivas,Supermarket,-1.2923406,36.8815784
8360784256,Kigwaru Inn,Bar/Pub,-1.2002187,36.7852204
8360784261,Blu Spaxx Lounge,Bar/Pub,-1.22151,36.7798065
8366827044,Border pork place,Bar/Pub,-1.2759044,36.6926745
8370986578,Ojil Mart,Supermarket,-1.300412,36.9084685
8371880123,Gravity,Supermarket,-1.3909908,36.770519
8371880125,The Boma Place,Bar/Pub,-1.3975525,36.7769003
8371880126,Quickmart Rongai Express,Supermarket,-1.3950882,36.7639746
8371880127,naivas,Supermarket,-1.397471,36.7595853
8371880139,Whisky falls lounge,Bar/Pub,-1.428178,36.9596855
8371880142,Quick Mart Supermarket,Supermarket,-1.3985938,36.9430549
8371880148,Wallets Utawala,Bar/Pub,-1.2886677,36.9758946
8371978933,sweetworld,Supermarket,-1.2664166,36.9902348
8371978936,King'oris bar,Bar/Pub,-1.2814992,37.0568796
8709146456,Rwadhini Hardwares,Supermarket,-1.1775571,36.9829975
8718475614,Cleanshelf Supermarket,Supermarket,-1.1974923,36.9270484
8764023888,Walmart Supermarket,Supermarket,-1.2871983,36.7452767
8811458817,46 KBS,Convenience/Duka,-1.284585,36.74203
8883032995,Naivas Lifestyle,Supermarket,-1.2814534,36.8181534
8883032996,Naivas Ronald Ngala,Supermarket,-1.2855691,36.8278976
8883032997,Tusky'S Magic Express,Supermarket,-1.2855912,36.82772
8883032998,Eastmatt,Supermarket,-1.2822401,36.8237391
8901162637,QuickMart,Supermarket,-1.2981566,36.7831953
8916714747,Carrefour,Supermarket,-1.3021368,36.8256227
8916714749,QuickMart,Supermarket,-1.3122508,36.8169343
8916714752,The Four Horsemen,Bar/Pub,-1.3246411,36.7955859
8916714753,Anchor Pub and Grill,Bar/Pub,-1.3258483,36.7778723
8916714754,V1 SPORTS BAR & GRILL,Bar/Pub,-1.3261891,36.7775967
8919752675,Texas Barbeque Bar & Grill,Bar/Pub,-1.2461887,36.6619524
8980738275,Naivas Supermarket,Supermarket,-1.3964609,36.7615895
9001305931,Oisebes Mini Mart,Convenience/Duka,-1.3101328,36.7736186
9010305023,OUTVEST SPORTS,Bar/Pub,-1.1683279,36.9688648
9014259334,Thingira Lounge,Bar/Pub,-1.1636492,36.9545356
9014259335,OJ LOUNGE RELOADED,Bar/Pub,-1.1534913,36.9197945
9014259339,Uncle Sam's Place,Bar/Pub,-1.1992111,36.9011754
9014259340,Leestar Supermarket Githurai,Supermarket,-1.2004343,36.900054
9014259341,Africana club,Bar/Pub,-1.2010831,36.8981199
9019515457,Unique Supermarket,Supermarket,-1.394389,36.7639614
9020201617,Naivas,Supermarket,-1.2062073,36.9139594
9020201635,33Havens Lounge Utawala,Bar/Pub,-1.2858454,36.9545634
9020201636,Leopard's Village,Bar/Pub,-1.2839811,36.9575603
9144492507,Kaa Rada Pub,Bar/Pub,-1.2544183,36.9424972
9193193556,Saltes Supermarket,Supermarket,-1.2891191,36.7414489
9193207602,Waiyaki Supermarket,Supermarket,-1.2893068,36.7538944
9418619697,Kabsmatt Supermarket,Supermarket,-1.2336717,36.8849565
9447164686,Smarthome Supermarket,Supermarket,-1.2215636,36.7798154
9447164701,Unnamed Store,Supermarket,-1.2195133,36.7761735
9447164703,Smartprice Supermarket,Supermarket,-1.2210885,36.7785014
9447165123,Unnamed Store,Supermarket,-1.2198614,36.7665812
9458175819,STAGE MARKET,Convenience/Duka,-1.2866339,36.8370494
9458222917,Jakmil Supermarket,Convenience/Duka,-1.2558961,36.6948916
9518780757,Chez Sonia,Bar/Pub,-1.2467297,36.7953758
9587521823,QuickMart,Supermarket,-1.2930205,36.7928528
9597299463,NAIVAS Greenspan,Supermarket,-1.2886818,36.9011525
9597336853,Bamudas bar,Bar/Pub,-1.2626806,36.907388
9722395717,Galana RD Kiosk,Convenience/Duka,-1.2903675,36.783002
9732344063,Quickmart Utawala Express,Supermarket,-1.2788627,36.9669491
9800973665,RSL,Supermarket,-1.2882851,36.9721582
9863673498,Hophy Enterprises,Convenience/Duka,-1.1976068,36.9264731
9922051866,Supreme Supermarket,Supermarket,-1.2571886,36.702705
9988215622,Self Ridges Supermarket,Supermarket,-1.2196516,36.7144772
9990459405,Jowac Sports Club,Bar/Pub,-1.1937015,36.7483166
10006124580,Quickmart BuruBuru,Supermarket,-1.2880813,36.8810641
10135416441,Karen Family Mart,Convenience/Duka,-1.3292385,36.6831149
10312720210,KSPCA Market,Supermarket,-1.3374471,36.7324784
10314763993,Naivas,Supermarket,-1.2655723,36.7409082
10544027907,Chapex Business Center,Convenience/Duka,-1.3293296,36.9244433
10600729493,Unnamed Store,Bar/Pub,-1.2213439,36.9129829
10600729498,Unnamed Store,Supermarket,-1.2209148,36.9143388
10637141721,QuickMart,Supermarket,-1.288442,36.8267881
10648806292,Western supermarket,Supermarket,-1.2764323,36.8293997
10742573449,Vision Corner Shop,Convenience/Duka,-1.2765705,36.9583871
10751514599,Sarova Veve Base,Convenience/Duka,-1.2793773,36.9581273
10770010444,Kendys supermarket,Supermarket,-1.1780254,36.9394686
10786945691,kerosene shop,Convenience/Duka,-1.3085197,36.7874296
10786945692,charcoal shop,Convenience/Duka,-1.3094985,36.7869495
10789830947,muscat bar and restaurant,Convenience/Duka,-1.3073675,36.7865785
10789830949,kerosene pump shop,Convenience/Duka,-1.3129558,36.7893626
10792571663,uchumi ndogo shop,Convenience/Duka,-1.3155337,36.7932904
10792571664,japolo tailaring shop,Convenience/Duka,-1.3156973,36.7933387
10803671733,Unnamed Store,Supermarket,-1.2912181,36.7698405
10925121156,Naivas,Supermarket,-1.2911055,36.7882856
10944328405,Naivas Kahawa Sukari,Supermarket,-1.1889959,36.9320073
10965473005,Skymart Supermarket,Supermarket,-1.3919397,36.9405555
10971311231,Naivas,Supermarket,-1.2831641,36.7369888
10997396406,Fraliz Supermarket,Supermarket,-1.2888004,36.9713216
10997765011,Tumaini General Shop,Convenience/Duka,-1.2246068,36.929439
11001534044,Lawmik Mini Shop,Supermarket,-1.2210105,36.9130917
11005640706,Dana's Supermarket,Supermarket,-1.2886603,36.9719611
11205330137,Tents Lounge Buru,Bar/Pub,-1.2854997,36.8801655
11294664392,Gas & Go,Convenience/Duka,-1.4265967,36.9595662
11370972617,Carrefour,Supermarket,-1.2566613,36.802824
11383402150,Chandarana Foodplus Riverside Square,Supermarket,-1.2689322,36.7893777
11397648045,Achar Bar and Restaurant,Bar/Pub,-1.2873995,36.8955579
11449581647,Naivas,Supermarket,-1.3302508,36.7146698
11564983576,V-Bar,Bar/Pub,-1.2944537,36.8104744
11576593278,glyster supermarket,Supermarket,-1.150013,36.6673907
11577144913,68 Library,Bar/Pub,-1.2655469,36.8044861
11680361634,Barizi,Bar/Pub,-1.2981538,36.8906993
11680361635,Liqour Nite,Bar/Pub,-1.298089,36.8907749
11986361674,Unnamed Store,Bar/Pub,-1.2029447,36.785295
12041151104,Unnamed Store,Convenience/Duka,-1.2563268,36.7721331
12075450046,PowerStar Supermarket,Supermarket,-1.2549946,36.6940662
12075450047,Fairmart Supermarket,Supermarket,-1.2540473,36.6937479
12099665959,Muhindi Mweusi Supermarket,Supermarket,-1.2569718,36.9231054
12117204279,Unnamed Store,Convenience/Duka,-1.3080699,36.909178
12117204282,Unnamed Store,Convenience/Duka,-1.3057539,36.9077169
12118098070,Unnamed Store,Convenience/Duka,-1.3114805,36.9134971
12118098085,Unnamed Store,Convenience/Duka,-1.3127592,36.9128054
12159873883,Safari Terrace,Bar/Pub,-1.2806729,36.8177974
12160439044,Acres Minimart,Convenience/Duka,-1.2797568,36.9582591
12161200397,Unnamed Store,Bar/Pub,-1.2809944,36.8176081
12163148141,Shell Select,Convenience/Duka,-1.2746881,36.7996528
12167954126,Ngong Hill Supermarket,Convenience/Duka,-1.361956,36.6545258
12167964189,Nile General Trading Shop,Convenience/Duka,-1.274222,36.8216771
12235013453,club kaiti,Bar/Pub,-1.3080864,36.8820074
12235013455,the place bar,Bar/Pub,-1.3028333,36.8863867
12235013456,machakos county club,Bar/Pub,-1.3017,36.8865567
12235013457,yungu connection bar,Bar/Pub,-1.3005026,36.8865276
12243192325,mahutini bar,Bar/Pub,-1.3121418,36.8627202
12243192326,stage one,Bar/Pub,-1.312228,36.8624101
12243192327,icon lounge,Bar/Pub,-1.3113349,36.8673061
12243192328,kangethe pub,Bar/Pub,-1.310735,36.8702028
12243676053,Kogalo Launge,Bar/Pub,-1.2552363,36.8865913
12243676054,Oriat bar,Bar/Pub,-1.2572985,36.8855688
12243676055,Liquor shop,Bar/Pub,-1.2557185,36.886291
12243676056,Liquor joint,Bar/Pub,-1.2541183,36.8876043
12243676057,Kwa Sheila,Bar/Pub,-1.2539291,36.8877143
12243676058,Liquor joint,Bar/Pub,-1.2536248,36.8879898
12243676059,Kwa Kobole,Bar/Pub,-1.2477683,36.8904824
12308204003,Cavalli,Bar/Pub,-1.2720503,36.8117584
12518654800,Club QWest,Bar/Pub,-1.1844366,36.904054
12590081501,Jah City,Bar/Pub,-1.3714732,36.952393
12647375601,Tamz Restaurant & Lounge Bar,Bar/Pub,-1.3716104,36.9359377
12749690601,Fridah Shop,Convenience/Duka,-1.3770939,36.9460426
12842838078,Chandarana market,Supermarket,-1.2644313,36.7877097
12886379611,stahere,Bar/Pub,-1.3114913,36.8378749
12886546535,Kwa Maji Omaja 3,Bar/Pub,-1.270335,36.8991917
12886664073,Opposite Thomas Burke Catholic Junior School,Bar/Pub,-1.2903384,36.882454
12886664100,Jeska Umoja,Bar/Pub,-1.2870339,36.890353
12947131634,Haven food court,Convenience/Duka,-1.2904997,36.8910773
13049927665,Healthy,Convenience/Duka,-1.230502,36.8044793
13059881904,Jaza supermarket,Supermarket,-1.2749836,36.7947583
13076006596,Lydiah Richland Shop,Convenience/Duka,-1.29069,36.8908667
13138469133,The general,Bar/Pub,-1.2529358,36.7962622
13343909701,Kettle,Bar/Pub,-1.2877108,36.7722339
13355046938,JOSTAR MILK DEPOT,Convenience/Duka,-1.2525998,36.8724424
13355054628,KANGAZONE SALAD KIOSKI,Convenience/Duka,-1.2527483,36.8722962
13355066331,BLUE BRIDGE LIQUOR STORE,Convenience/Duka,-1.2525773,36.8724399
13355079879,ELNEY WHOLESALE STORE,Convenience/Duka,-1.2526004,36.8723227
13355080862,Soup place,Convenience/Duka,-1.2526368,36.872349
13355081686,ELREY WHOLESALE,Supermarket,-1.2521173,36.8724809
13355086428,Sabina supermarket,Supermarket,-1.2524968,36.872277
13363001701,Ruth Shop,Convenience/Duka,-1.318514,36.779287
13392069959,Carrefour,Supermarket,-1.2950403,36.809599
13460735854,Wanjau Mini Matt,Convenience/Duka,-1.2940156,36.7232161
13460740740,Q-mart,Convenience/Duka,-1.2927672,36.7186589
13460764892,West Wood Village Pub,Bar/Pub,-1.2928991,36.7366983
13460764893,Peck Supermarket,Supermarket,-1.2923054,36.7345926
13460801020,Akusa Pub,Bar/Pub,-1.2904343,36.7287244
13460802613,Tombet Mini Mart,Convenience/Duka,-1.2954511,36.716109
13460830064,DOMINION PUB,Bar/Pub,-1.2996543,36.722579
13460852028,Friendly Five,Supermarket,-1.2892919,36.7537095
13677338817,Unnamed Store,Bar/Pub,-1.2925528,36.7861265
13677356401,Unnamed Store,Convenience/Duka,-1.2986391,36.7957791
13782490401,Candy's Collection Hub,Convenience/Duka,-1.3163849,36.7761725
13782490501,Fridah,Convenience/Duka,-1.3138,36.7872
13952691501,Naivas Food Market,Supermarket,-1.2925654,36.7856369
13953823401,ESKAR SUPERMARKET,Convenience/Duka,-1.2296283,36.9207083
14001056302,Jaza,Supermarket,-1.2293454,36.7606923
